set, measurements,,,,set,measure,n,t,inv measure,FOPDT,,Ts,,Td,L,K,du,y0
0.3018,-0.0595,,,,-3.0819,3.0159,0,0,-3.0159,-3.0159,,0.0125,,0.03125,0.0625,0.47319835166618,6.1638,-3.0159
0.3018,-0.0794,,,,3.0819,3.0337,1,0.0125,-3.0337,-3.0159,,,,,,,,
0.3018,-0.0992,,,,3.0819,2.7399,2,0.025,-2.7399,-3.0159,,,,,,,,
0.3018,-0.1389,,,,3.0819,2.2421,3,0.0375,-2.2421,-3.0159,,,,,,,,
0.3018,-0.1984,,,,3.0819,1.7063,4,0.05,-1.7063,-3.0159,,,,,,,,
0.3018,-0.2381,,,,3.0819,1.1111,5,0.0625,-1.1111,-3.0159,,,,,,,,
0.3018,-0.2778,,,,3.0819,0.4365,6,0.075,-0.4365,-1.06004070511103,,,,,,,,
0.3018,-0.3571,,,,3.0819,-0.3571,7,0.0875,0.3571,0.251010987478172,,,,,,,,
0.3018,-0.3968,,,,3.0819,-1.0913,8,0.1,1.0913,1.12983521840967,,,,,,,,
0.3018,-0.4564,,,,3.0819,-1.7262,9,0.1125,1.7262,1.71892871734491,,,,,,,,
0.3018,-0.5357,,,,3.0819,-2.2024,10,0.125,2.2024,2.11380989867047,,,,,,,,
0.3018,-0.5952,,,,3.0819,-2.5196,11,0.1375,2.5196,2.37850667031523,,,,,,,,
0.3018,-0.6746,,,,3.0819,-2.659,12,0.15,2.659,2.55593822246963,,,,,,,,
0.3018,-0.754,,,,3.0819,-2.7976,13,0.1625,2.7976,2.67487414867795,,,,,,,,
0.3018,-0.8333,,,,3.0819,-2.8571,14,0.175,2.8571,2.75459928420919,,,,,,,,
0.3018,-0.9127,,,,3.0819,-2.8968,15,0.1875,2.8968,2.8080406407287,,,,,,,,
0.3018,-0.9921,,,,3.0819,-2.9167,16,0.2,2.9167,2.84386345329106,,,,,,,,
0.3018,-1.0912,,,,3.0819,-2.9167,17,0.2125,2.9167,2.86787620265698,,,,,,,,
0.3018,-1.1707,,,,3.0819,-2.9167,18,0.225,2.9167,2.8839724299174,,,,,,,,
0.3018,-1.2897,,,,3.0819,-2.9365,19,0.2375,2.9365,2.89476205371559,,,,,,,,
0.3018,-1.388,,,,3.0819,-2.9363,20,0.25,2.9363,2.90199455483671,,,,,,,,
0.3018,-1.4891,,,,3.0819,-2.9169,21,0.2625,2.9169,2.90684264532117,,,,,,,,
0.3018,-1.5873,,,,3.0819,-2.9167,22,0.275,2.9167,2.9100924175579,,,,,,,,
0.3018,-1.7063,,,,3.0819,-2.9167,23,0.2875,2.9167,2.91227080503322,,,,,,,,
0.3018,-1.8254,,,,3.0819,-2.9167,24,0.3,2.9167,2.91373102182597,,,,,,,,
0.3018,-1.9444,,,,3.0819,-2.9167,25,0.3125,2.9167,2.91470983441371,,,,,,,,
0.3018,-2.0437,,,,,,,,,,,,,,,,,
0.3018,-2.1627,,,,,,,,,,,,,,,,,
0.3018,-2.3016,,,,,,,,,,,,,,,,,
0.3018,-2.3808,,,,,,,,,,,,,,,,,
0.3018,-2.4804,,,,,,,,,,,,,,,,,
0.3018,-2.5794,,,,,,,,,,,,,,,,,
0.3018,-2.6389,,,,,,,,,,,,,,,,,
0.3018,-2.6984,,,,,,,,,,,,,,,,,
0.3018,-2.7778,,,,,,,,,,,,,,,,,
0.3018,-2.7976,,,,,,,,,,,,,,,,,
0.3018,-2.8373,,,,,,,,,,,,,,,,,
0.3018,-2.8571,,,,,,,,,,,,,,,,,
0.3018,-2.8956,,,,,,,,,,,,,,,,,
0.3018,-2.8975,,,,,,,,,,,,,,,,,
0.3018,-2.9169,,,,,,,,,,,,,,,,,
0.3018,-2.9169,,,,,,,,,,,,,,,,,
0.3018,-2.8968,,,,,,,,,,,,,,,,,
0.3018,-2.9167,,,,,,,,,,,,,,,,,
0.3018,-2.9167,,,,,,,,,,,,,,,,,
0.3018,-2.8968,,,,,,,,,,,,,,,,,
0.3018,-2.8968,,,,,,,,,,,,,,,,,
0.3018,-2.8968,,,,,,,,,,,,,,,,,
0.3018,-2.877,,,,,,,,,,,,,,,,,
0.3018,-2.877,,,,,,,,,,,,,,,,,
0.3018,-2.8966,,,,,,,,,,,,,,,,,
0.3018,-2.8772,,,,,,,,,,,,,,,,,
0.3018,-2.877,,,,,,,,,,,,,,,,,
0.3018,-2.8968,,,,,,,,,,,,,,,,,
0.3018,-2.8968,,,,,,,,,,,,,,,,,
0.3018,-2.9167,,,,,,,,,,,,,,,,,
0.3018,-2.9346,,,,,,,,,,,,,,,,,
0.3018,-2.9186,,,,,,,,,,,,,,,,,
0.3018,-2.9167,,,,,,,,,,,,,,,,,
0.3018,-2.9167,,,,,,,,,,,,,,,,,
0.3018,-2.9365,,,,,,,,,,,,,,,,,
0.3018,-2.9563,,,,,,,,,,,,,,,,,
0.3018,-2.9563,,,,,,,,,,,,,,,,,
0.3018,-2.9563,,,,,,,,,,,,,,,,,
0.3018,-2.9563,,,,,,,,,,,,,,,,,
0.3018,-2.9561,,,,,,,,,,,,,,,,,
0.3018,-2.9566,,,,,,,,,,,,,,,,,
0.3018,-2.9365,,,,,,,,,,,,,,,,,
0.3018,-2.9365,,,,,,,,,,,,,,,,,
0.3018,-2.9365,,,,,,,,,,,,,,,,,
0.3018,-2.9167,,,,,,,,,,,,,,,,,
0.3018,-2.8968,,,,,,,,,,,,,,,,,
0.3018,-2.8968,,,,,,,,,,,,,,,,,
0.3018,-2.9147,,,,,,,,,,,,,,,,,
0.3018,-2.859,,,,,,,,,,,,,,,,,
0.3018,-2.877,,,,,,,,,,,,,,,,,
0.3018,-2.8571,,,,,,,,,,,,,,,,,
0.3018,-2.8571,,,,,,,,,,,,,,,,,
0.3018,-2.877,,,,,,,,,,,,,,,,,
0.3018,-2.8373,,,,,,,,,,,,,,,,,
0.3018,-2.8571,,,,,,,,,,,,,,,,,
0.3018,-2.8571,,,,,,,,,,,,,,,,,
0.3018,-2.8571,,,,,,,,,,,,,,,,,
0.3018,-2.8765,,,,,,,,,,,,,,,,,
0.3018,-2.8973,,,,,,,,,,,,,,,,,
0.3018,-2.8968,,,,,,,,,,,,,,,,,
0.3018,-2.8968,,,,,,,,,,,,,,,,,
0.3018,-2.8968,,,,,,,,,,,,,,,,,
0.3018,-2.9365,,,,,,,,,,,,,,,,,
0.3018,-2.9167,,,,,,,,,,,,,,,,,
0.3018,-2.9343,,,,,,,,,,,,,,,,,
0.3018,-2.9189,,,,,,,,,,,,,,,,,
0.3018,-2.9365,,,,,,,,,,,,,,,,,
0.3018,-2.9365,,,,,,,,,,,,,,,,,
0.3018,-2.9563,,,,,,,,,,,,,,,,,
0.3018,-2.9365,,,,,,,,,,,,,,,,,
0.3018,-2.9563,,,,,,,,,,,,,,,,,
0.3018,-2.9365,,,,,,,,,,,,,,,,,
0.3018,-2.9365,,,,,,,,,,,,,,,,,
0.3018,-2.9363,,,,,,,,,,,,,,,,,
0.3018,-2.9368,,,,,,,,,,,,,,,,,
0.3018,-2.8968,,,,,,,,,,,,,,,,,
0.3018,-2.8968,,,,,,,,,,,,,,,,,
0.3018,-2.8968,,,,,,,,,,,,,,,,,
0.3018,-2.8968,,,,,,,,,,,,,,,,,
0.3018,-2.877,,,,,,,,,,,,,,,,,
0.3018,-2.8968,,,,,,,,,,,,,,,,,
0.3018,-2.9147,,,,,,,,,,,,,,,,,
0.3018,-2.8789,,,,,,,,,,,,,,,,,
0.3018,-2.877,,,,,,,,,,,,,,,,,
0.3018,-2.877,,,,,,,,,,,,,,,,,
0.3018,-2.8968,,,,,,,,,,,,,,,,,
0.3018,-2.877,,,,,,,,,,,,,,,,,
0.3018,-2.8968,,,,,,,,,,,,,,,,,
0.3018,-2.8968,,,,,,,,,,,,,,,,,
0.3018,-2.8968,,,,,,,,,,,,,,,,,
0.3018,-2.8968,,,,,,,,,,,,,,,,,
0.3018,-2.9355,,,,,,,,,,,,,,,,,
0.3018,-2.8966,,,,,,,,,,,,,,,,,
0.3018,-2.9179,,,,,,,,,,,,,,,,,
0.3018,-2.9338,,,,,,,,,,,,,,,,,
0.3018,-2.9189,,,,,,,,,,,,,,,,,
0.3018,-2.937,,,,,,,,,,,,,,,,,
0.3018,-2.9365,,,,,,,,,,,,,,,,,
0.3018,-2.9365,,,,,,,,,,,,,,,,,
0.3018,-2.9546,,,,,,,,,,,,,,,,,
0.3018,-2.9375,,,,,,,,,,,,,,,,,
0.3018,-2.9174,,,,,,,,,,,,,,,,,
0.3018,-2.9365,,,,,,,,,,,,,,,,,
0.3018,-2.9167,,,,,,,,,,,,,,,,,
0.3018,-2.9167,,,,,,,,,,,,,,,,,
0.3018,-2.8968,,,,,,,,,,,,,,,,,
0.3018,-2.9167,,,,,,,,,,,,,,,,,
0.3018,-2.877,,,,,,,,,,,,,,,,,
0.3018,-2.8966,,,,,,,,,,,,,,,,,
0.3018,-2.8772,,,,,,,,,,,,,,,,,
0.3018,-2.877,,,,,,,,,,,,,,,,,
0.3018,-2.877,,,,,,,,,,,,,,,,,
0.3018,-2.877,,,,,,,,,,,,,,,,,
0.3018,-2.8968,,,,,,,,,,,,,,,,,
0.3018,-2.8968,,,,,,,,,,,,,,,,,
0.3018,-2.915,,,,,,,,,,,,,,,,,
0.3018,-2.8983,,,,,,,,,,,,,,,,,
0.3018,-2.9169,,,,,,,,,,,,,,,,,
0.3018,-2.8968,,,,,,,,,,,,,,,,,
0.3018,-2.9365,,,,,,,,,,,,,,,,,
0.3018,-2.9167,,,,,,,,,,,,,,,,,
0.3018,-2.9365,,,,,,,,,,,,,,,,,
0.3018,-2.9365,,,,,,,,,,,,,,,,,
0.3018,-2.9365,,,,,,,,,,,,,,,,,
0.3018,-2.9759,,,,,,,,,,,,,,,,,
0.3018,-2.9745,,,,,,,,,,,,,,,,,
0.3018,-2.9566,,,,,,,,,,,,,,,,,
0.3018,-2.9581,,,,,,,,,,,,,,,,,
0.3018,-2.9563,,,,,,,,,,,,,,,,,
0.3018,-2.9563,,,,,,,,,,,,,,,,,
0.3018,-2.9365,,,,,,,,,,,,,,,,,
0.3018,-2.9541,,,,,,,,,,,,,,,,,
0.3018,-2.9186,,,,,,,,,,,,,,,,,
0.3018,-2.8971,,,,,,,,,,,,,,,,,
0.3018,-2.9167,,,,,,,,,,,,,,,,,
0.3018,-2.877,,,,,,,,,,,,,,,,,
0.3018,-2.877,,,,,,,,,,,,,,,,,
0.3018,-2.877,,,,,,,,,,,,,,,,,
0.3018,-2.877,,,,,,,,,,,,,,,,,
0.3018,-2.877,,,,,,,,,,,,,,,,,
0.3018,-2.8966,,,,,,,,,,,,,,,,,
0.3018,-2.8772,,,,,,,,,,,,,,,,,
0.3018,-2.8968,,,,,,,,,,,,,,,,,
0.3018,-2.877,,,,,,,,,,,,,,,,,
0.3018,-2.8968,,,,,,,,,,,,,,,,,
0.3018,-2.9167,,,,,,,,,,,,,,,,,
0.3018,-2.8968,,,,,,,,,,,,,,,,,
0.3018,-2.8968,,,,,,,,,,,,,,,,,
0.3018,-2.9167,,,,,,,,,,,,,,,,,
0.3018,-2.9167,,,,,,,,,,,,,,,,,
0.3018,-2.9346,,,,,,,,,,,,,,,,,
0.3018,-2.9184,,,,,,,,,,,,,,,,,
0.3018,-2.9368,,,,,,,,,,,,,,,,,
0.3018,-2.9365,,,,,,,,,,,,,,,,,
0.3018,-2.9365,,,,,,,,,,,,,,,,,
0.3018,-2.9563,,,,,,,,,,,,,,,,,
0.3018,-2.9563,,,,,,,,,,,,,,,,,
0.3018,-2.9365,,,,,,,,,,,,,,,,,
0.3018,-2.9563,,,,,,,,,,,,,,,,,
0.3018,-2.9365,,,,,,,,,,,,,,,,,
0.3018,-2.9561,,,,,,,,,,,,,,,,,
0.3018,-2.8971,,,,,,,,,,,,,,,,,
0.3018,-2.9167,,,,,,,,,,,,,,,,,
0.3018,-2.8968,,,,,,,,,,,,,,,,,
0.3018,-2.8968,,,,,,,,,,,,,,,,,
0.3018,-2.8968,,,,,,,,,,,,,,,,,
0.3018,-2.8951,,,,,,,,,,,,,,,,,
0.3018,-2.8784,,,,,,,,,,,,,,,,,
0.3018,-2.8772,,,,,,,,,,,,,,,,,
0.3018,-2.877,,,,,,,,,,,,,,,,,
0.3018,-2.877,,,,,,,,,,,,,,,,,
0.3018,-2.877,,,,,,,,,,,,,,,,,
0.3018,-2.8968,,,,,,,,,,,,,,,,,
0.3018,-2.8968,,,,,,,,,,,,,,,,,
0.3018,-2.8968,,,,,,,,,,,,,,,,,
0.3018,-2.8966,,,,,,,,,,,,,,,,,
0.3018,-2.8971,,,,,,,,,,,,,,,,,
0.3018,-2.9365,,,,,,,,,,,,,,,,,
0.3018,-2.9167,,,,,,,,,,,,,,,,,
0.3018,-2.9365,,,,,,,,,,,,,,,,,
0.3018,-2.9563,,,,,,,,,,,,,,,,,
0.3018,-2.9365,,,,,,,,,,,,,,,,,
0.3018,-2.9563,,,,,,,,,,,,,,,,,
0.3018,-2.9563,,,,,,,,,,,,,,,,,
0.3018,-2.9762,,,,,,,,,,,,,,,,,
0.3018,-2.9745,,,,,,,,,,,,,,,,,
0.3018,-2.938,,,,,,,,,,,,,,,,,
0.3018,-2.9368,,,,,,,,,,,,,,,,,
0.3018,-2.9365,,,,,,,,,,,,,,,,,
0.3018,-2.9365,,,,,,,,,,,,,,,,,
0.3018,-2.8968,,,,,,,,,,,,,,,,,
0.3018,-2.9167,,,,,,,,,,,,,,,,,
0.3018,-2.9167,,,,,,,,,,,,,,,,,
0.3018,-2.8968,,,,,,,,,,,,,,,,,
0.3018,-2.8968,,,,,,,,,,,,,,,,,
0.3018,-2.8966,,,,,,,,,,,,,,,,,
0.3018,-2.8971,,,,,,,,,,,,,,,,,
0.3018,-2.877,,,,,,,,,,,,,,,,,
0.3018,-2.877,,,,,,,,,,,,,,,,,
0.3018,-2.877,,,,,,,,,,,,,,,,,
0.3018,-2.8968,,,,,,,,,,,,,,,,,
0.3018,-2.8968,,,,,,,,,,,,,,,,,
0.3018,-2.9152,,,,,,,,,,,,,,,,,
0.3018,-2.8978,,,,,,,,,,,,,,,,,
0.3018,-2.9172,,,,,,,,,,,,,,,,,
0.3018,-2.9167,,,,,,,,,,,,,,,,,
0.3018,-2.9365,,,,,,,,,,,,,,,,,
0.3018,-2.9167,,,,,,,,,,,,,,,,,
0.3018,-2.9365,,,,,,,,,,,,,,,,,
0.3018,-2.9563,,,,,,,,,,,,,,,,,
0.3018,-2.9563,,,,,,,,,,,,,,,,,
0.3018,-2.9365,,,,,,,,,,,,,,,,,
0.3018,-2.9757,,,,,,,,,,,,,,,,,
0.3018,-2.9767,,,,,,,,,,,,,,,,,
0.3018,-2.9762,,,,,,,,,,,,,,,,,
0.3018,-2.9762,,,,,,,,,,,,,,,,,
0.3018,-2.9762,,,,,,,,,,,,,,,,,
0.3018,-2.9762,,,,,,,,,,,,,,,,,
0.3018,-2.9563,,,,,,,,,,,,,,,,,
0.3018,-2.9365,,,,,,,,,,,,,,,,,
0.3018,-2.9546,,,,,,,,,,,,,,,,,
0.3018,-2.9181,,,,,,,,,,,,,,,,,
0.3018,-2.8971,,,,,,,,,,,,,,,,,
0.3018,-2.9167,,,,,,,,,,,,,,,,,
0.3018,-2.8968,,,,,,,,,,,,,,,,,
0.3018,-2.8968,,,,,,,,,,,,,,,,,
0.3018,-2.8968,,,,,,,,,,,,,,,,,
0.3018,-2.8968,,,,,,,,,,,,,,,,,
0.3018,-2.8968,,,,,,,,,,,,,,,,,
0.3018,-2.8966,,,,,,,,,,,,,,,,,
0.3018,-2.8971,,,,,,,,,,,,,,,,,
0.3018,-2.9167,,,,,,,,,,,,,,,,,
0.3018,-2.9167,,,,,,,,,,,,,,,,,
0.3018,-2.9167,,,,,,,,,,,,,,,,,
0.3018,-2.9167,,,,,,,,,,,,,,,,,
0.3018,-2.9365,,,,,,,,,,,,,,,,,
0.3018,-2.9546,,,,,,,,,,,,,,,,,
0.3018,-2.938,,,,,,,,,,,,,,,,,
0.3018,-2.9368,,,,,,,,,,,,,,,,,
0.3018,-2.9563,,,,,,,,,,,,,,,,,
0.3018,-2.9563,,,,,,,,,,,,,,,,,
0.3018,-2.9563,,,,,,,,,,,,,,,,,
0.3018,-2.9563,,,,,,,,,,,,,,,,,
0.3018,-2.9762,,,,,,,,,,,,,,,,,
0.3018,-2.9563,,,,,,,,,,,,,,,,,
0.3018,-2.9759,,,,,,,,,,,,,,,,,
0.3018,-2.9764,,,,,,,,,,,,,,,,,
0.3018,-2.9563,,,,,,,,,,,,,,,,,
0.3018,-2.9365,,,,,,,,,,,,,,,,,
0.3018,-2.9365,,,,,,,,,,,,,,,,,
0.3018,-2.9167,,,,,,,,,,,,,,,,,
0.3018,-2.9147,,,,,,,,,,,,,,,,,
0.3018,-2.8988,,,,,,,,,,,,,,,,,
0.3018,-2.877,,,,,,,,,,,,,,,,,
0.3018,-2.8968,,,,,,,,,,,,,,,,,
0.3018,-2.8968,,,,,,,,,,,,,,,,,
0.3018,-2.877,,,,,,,,,,,,,,,,,
0.3018,-2.877,,,,,,,,,,,,,,,,,
0.3018,-2.8968,,,,,,,,,,,,,,,,,
0.3018,-2.8968,,,,,,,,,,,,,,,,,
0.3018,-2.8966,,,,,,,,,,,,,,,,,
0.3018,-2.8971,,,,,,,,,,,,,,,,,
0.3018,-2.8968,,,,,,,,,,,,,,,,,
0.3018,-2.9167,,,,,,,,,,,,,,,,,
0.3018,-2.9365,,,,,,,,,,,,,,,,,
0.3018,-2.9167,,,,,,,,,,,,,,,,,
0.3018,-2.9365,,,,,,,,,,,,,,,,,
0.3018,-2.9563,,,,,,,,,,,,,,,,,
0.3018,-2.9563,,,,,,,,,,,,,,,,,
0.3018,-2.9544,,,,,,,,,,,,,,,,,
0.3018,-2.9583,,,,,,,,,,,,,,,,,
0.3018,-2.9365,,,,,,,,,,,,,,,,,
0.3018,-2.9563,,,,,,,,,,,,,,,,,
0.3018,-2.9563,,,,,,,,,,,,,,,,,
0.3018,-2.9365,,,,,,,,,,,,,,,,,
0.3018,-2.9365,,,,,,,,,,,,,,,,,
0.3018,-2.9365,,,,,,,,,,,,,,,,,
0.3018,-2.9365,,,,,,,,,,,,,,,,,
0.3018,-2.9164,,,,,,,,,,,,,,,,,
0.3018,-2.8971,,,,,,,,,,,,,,,,,
0.3018,-2.9167,,,,,,,,,,,,,,,,,
0.3018,-2.8968,,,,,,,,,,,,,,,,,
0.3018,-2.8968,,,,,,,,,,,,,,,,,
0.3018,-2.8968,,,,,,,,,,,,,,,,,
0.3018,-2.8968,,,,,,,,,,,,,,,,,
0.3018,-2.877,,,,,,,,,,,,,,,,,
0.3018,-2.8751,,,,,,,,,,,,,,,,,
0.3018,-2.8789,,,,,,,,,,,,,,,,,
0.3018,-2.877,,,,,,,,,,,,,,,,,
0.3018,-2.8968,,,,,,,,,,,,,,,,,
0.3018,-2.8968,,,,,,,,,,,,,,,,,
0.3018,-2.9167,,,,,,,,,,,,,,,,,
0.3018,-2.8968,,,,,,,,,,,,,,,,,
0.3018,-2.9167,,,,,,,,,,,,,,,,,
0.3018,-2.9365,,,,,,,,,,,,,,,,,
0.3018,-2.9363,,,,,,,,,,,,,,,,,
0.3018,-2.9368,,,,,,,,,,,,,,,,,
0.3018,-2.9365,,,,,,,,,,,,,,,,,
0.3018,-2.9563,,,,,,,,,,,,,,,,,
0.3018,-2.9563,,,,,,,,,,,,,,,,,
0.3018,-2.9563,,,,,,,,,,,,,,,,,
0.3018,-2.9762,,,,,,,,,,,,,,,,,
0.3018,-2.9563,,,,,,,,,,,,,,,,,
0.3018,-2.9563,,,,,,,,,,,,,,,,,
0.3018,-2.9346,,,,,,,,,,,,,,,,,
0.3018,-2.9186,,,,,,,,,,,,,,,,,
0.3018,-2.9365,,,,,,,,,,,,,,,,,
0.3018,-2.8968,,,,,,,,,,,,,,,,,
0.3018,-2.9167,,,,,,,,,,,,,,,,,
0.3018,-2.9167,,,,,,,,,,,,,,,,,
0.3018,-2.8968,,,,,,,,,,,,,,,,,
0.3018,-2.877,,,,,,,,,,,,,,,,,
0.3018,-2.8968,,,,,,,,,,,,,,,,,
0.3018,-2.8966,,,,,,,,,,,,,,,,,
0.3018,-2.8772,,,,,,,,,,,,,,,,,
0.3018,-2.8968,,,,,,,,,,,,,,,,,
0.3018,-2.8968,,,,,,,,,,,,,,,,,
0.3018,-2.8968,,,,,,,,,,,,,,,,,
0.3018,-2.8968,,,,,,,,,,,,,,,,,
0.3018,-2.8968,,,,,,,,,,,,,,,,,
0.3018,-2.8968,,,,,,,,,,,,,,,,,
0.3018,-2.9167,,,,,,,,,,,,,,,,,
0.3018,-2.9155,,,,,,,,,,,,,,,,,
0.3018,-2.9174,,,,,,,,,,,,,,,,,
0.3018,-2.9368,,,,,,,,,,,,,,,,,
0.3018,-2.9169,,,,,,,,,,,,,,,,,
0.3018,-2.9365,,,,,,,,,,,,,,,,,
0.3018,-2.9365,,,,,,,,,,,,,,,,,
0.3018,-2.9563,,,,,,,,,,,,,,,,,
0.3018,-2.9365,,,,,,,,,,,,,,,,,
0.3018,-2.9563,,,,,,,,,,,,,,,,,
0.3018,-2.9563,,,,,,,,,,,,,,,,,
0.3018,-2.9363,,,,,,,,,,,,,,,,,
0.3018,-2.9368,,,,,,,,,,,,,,,,,
0.3018,-2.9365,,,,,,,,,,,,,,,,,
0.3018,-2.8968,,,,,,,,,,,,,,,,,
0.3018,-2.9167,,,,,,,,,,,,,,,,,
0.3018,-2.877,,,,,,,,,,,,,,,,,
0.3018,-2.877,,,,,,,,,,,,,,,,,
0.3018,-2.877,,,,,,,,,,,,,,,,,
0.3018,-2.8949,,,,,,,,,,,,,,,,,
0.3018,-2.859,,,,,,,,,,,,,,,,,
0.3018,-2.8571,,,,,,,,,,,,,,,,,
0.3018,-2.8571,,,,,,,,,,,,,,,,,
0.3018,-2.8571,,,,,,,,,,,,,,,,,
0.3018,-2.8571,,,,,,,,,,,,,,,,,
0.3018,-2.8571,,,,,,,,,,,,,,,,,
0.3018,-2.8571,,,,,,,,,,,,,,,,,
0.3018,-2.8968,,,,,,,,,,,,,,,,,
0.3018,-2.8966,,,,,,,,,,,,,,,,,
0.3018,-2.8971,,,,,,,,,,,,,,,,,
0.3018,-2.8968,,,,,,,,,,,,,,,,,
0.3018,-2.8968,,,,,,,,,,,,,,,,,
0.3018,-2.9167,,,,,,,,,,,,,,,,,
0.3018,-2.9167,,,,,,,,,,,,,,,,,
0.3018,-2.9563,,,,,,,,,,,,,,,,,
0.3018,-2.9365,,,,,,,,,,,,,,,,,
0.3018,-2.9762,,,,,,,,,,,,,,,,,
0.3018,-2.9759,,,,,,,,,,,,,,,,,
0.3018,-2.9745,,,,,,,,,,,,,,,,,
0.3018,-2.9782,,,,,,,,,,,,,,,,,
0.3018,-2.9762,,,,,,,,,,,,,,,,,
0.3018,-2.9563,,,,,,,,,,,,,,,,,
0.3018,-2.9563,,,,,,,,,,,,,,,,,
0.3018,-2.9365,,,,,,,,,,,,,,,,,
0.3018,-2.9365,,,,,,,,,,,,,,,,,
0.3018,-2.9365,,,,,,,,,,,,,,,,,
0.3018,-2.9167,,,,,,,,,,,,,,,,,
0.3018,-2.8966,,,,,,,,,,,,,,,,,
0.3018,-2.8971,,,,,,,,,,,,,,,,,
0.3018,-2.877,,,,,,,,,,,,,,,,,
0.3018,-2.877,,,,,,,,,,,,,,,,,
0.3018,-2.877,,,,,,,,,,,,,,,,,
0.3018,-2.877,,,,,,,,,,,,,,,,,
0.3018,-2.8571,,,,,,,,,,,,,,,,,
0.3018,-2.8949,,,,,,,,,,,,,,,,,
0.3018,-2.8789,,,,,,,,,,,,,,,,,
0.3018,-2.877,,,,,,,,,,,,,,,,,
0.3018,-2.8968,,,,,,,,,,,,,,,,,
0.3018,-2.8968,,,,,,,,,,,,,,,,,
0.3018,-2.9167,,,,,,,,,,,,,,,,,
0.3018,-2.9167,,,,,,,,,,,,,,,,,
0.3018,-2.9167,,,,,,,,,,,,,,,,,
0.3018,-2.9365,,,,,,,,,,,,,,,,,
0.3018,-2.9561,,,,,,,,,,,,,,,,,
0.3018,-2.9566,,,,,,,,,,,,,,,,,
0.3018,-2.9563,,,,,,,,,,,,,,,,,
0.3018,-2.9762,,,,,,,,,,,,,,,,,
0.3018,-2.9762,,,,,,,,,,,,,,,,,
0.3018,-2.9762,,,,,,,,,,,,,,,,,
0.3018,-2.996,,,,,,,,,,,,,,,,,
0.3018,-2.9563,,,,,,,,,,,,,,,,,
0.3018,-2.9762,,,,,,,,,,,,,,,,,
0.3018,-2.9561,,,,,,,,,,,,,,,,,
0.3018,-2.9745,,,,,,,,,,,,,,,,,
0.3018,-2.9385,,,,,,,,,,,,,,,,,
0.3018,-2.9167,,,,,,,,,,,,,,,,,
0.3018,-2.9167,,,,,,,,,,,,,,,,,
0.3018,-2.8968,,,,,,,,,,,,,,,,,
0.3018,-2.8968,,,,,,,,,,,,,,,,,
0.3018,-2.8968,,,,,,,,,,,,,,,,,
0.3018,-2.877,,,,,,,,,,,,,,,,,
0.3018,-2.877,,,,,,,,,,,,,,,,,
0.3018,-2.8767,,,,,,,,,,,,,,,,,
0.3018,-2.8772,,,,,,,,,,,,,,,,,
0.3018,-2.877,,,,,,,,,,,,,,,,,
0.3018,-2.9167,,,,,,,,,,,,,,,,,
0.3018,-2.8968,,,,,,,,,,,,,,,,,
0.3018,-2.9167,,,,,,,,,,,,,,,,,
0.3018,-2.9167,,,,,,,,,,,,,,,,,
0.3018,-2.9346,,,,,,,,,,,,,,,,,
0.3018,-2.9186,,,,,,,,,,,,,,,,,
0.3018,-2.9563,,,,,,,,,,,,,,,,,
0.3018,-2.9563,,,,,,,,,,,,,,,,,
0.3018,-2.9762,,,,,,,,,,,,,,,,,
0.3018,-2.9762,,,,,,,,,,,,,,,,,
0.3018,-2.9762,,,,,,,,,,,,,,,,,
0.3018,-2.9762,,,,,,,,,,,,,,,,,
0.3018,-2.9762,,,,,,,,,,,,,,,,,
0.3018,-2.9759,,,,,,,,,,,,,,,,,
0.3018,-2.9566,,,,,,,,,,,,,,,,,
0.3018,-2.9762,,,,,,,,,,,,,,,,,
0.3018,-2.9762,,,,,,,,,,,,,,,,,
0.3018,-2.9563,,,,,,,,,,,,,,,,,
0.3018,-2.9563,,,,,,,,,,,,,,,,,
0.3018,-2.9563,,,,,,,,,,,,,,,,,
0.3018,-2.9365,,,,,,,,,,,,,,,,,
0.3018,-2.9365,,,,,,,,,,,,,,,,,
0.3018,-2.9363,,,,,,,,,,,,,,,,,
0.3018,-2.9546,,,,,,,,,,,,,,,,,
0.3018,-2.9385,,,,,,,,,,,,,,,,,
0.3018,-2.9365,,,,,,,,,,,,,,,,,
0.3018,-2.9365,,,,,,,,,,,,,,,,,
0.3018,-2.9563,,,,,,,,,,,,,,,,,
0.3018,-2.9365,,,,,,,,,,,,,,,,,
0.3018,-2.9762,,,,,,,,,,,,,,,,,
0.3018,-2.9563,,,,,,,,,,,,,,,,,
0.3018,-2.9563,,,,,,,,,,,,,,,,,
0.3018,-2.9759,,,,,,,,,,,,,,,,,
0.3018,-2.9764,,,,,,,,,,,,,,,,,
0.3018,-2.9762,,,,,,,,,,,,,,,,,
0.3018,-2.996,,,,,,,,,,,,,,,,,
0.3018,-2.996,,,,,,,,,,,,,,,,,
0.3018,-3.0159,,,,,,,,,,,,,,,,,
0.3018,-3.0357,,,,,,,,,,,,,,,,,
0.3018,-3.0357,,,,,,,,,,,,,,,,,
0.3018,-3.0337,,,,,,,,,,,,,,,,,
0.3018,-3.0377,,,,,,,,,,,,,,,,,
0.3018,-3.0159,,,,,,,,,,,,,,,,,
0.3018,-3.0159,,,,,,,,,,,,,,,,,
0.3018,-3.0159,,,,,,,,,,,,,,,,,
0.3018,-3.0159,,,,,,,,,,,,,,,,,
0.3018,-2.996,,,,,,,,,,,,,,,,,
0.3018,-2.996,,,,,,,,,,,,,,,,,
0.3018,-2.9762,,,,,,,,,,,,,,,,,
0.3018,-2.9561,,,,,,,,,,,,,,,,,
0.3018,-2.9566,,,,,,,,,,,,,,,,,
0.3018,-2.9365,,,,,,,,,,,,,,,,,
0.3018,-2.9365,,,,,,,,,,,,,,,,,
0.3018,-2.9365,,,,,,,,,,,,,,,,,
0.3018,-2.9365,,,,,,,,,,,,,,,,,
0.3018,-2.9563,,,,,,,,,,,,,,,,,
0.3018,-2.9365,,,,,,,,,,,,,,,,,
0.3018,-2.9563,,,,,,,,,,,,,,,,,
0.3018,-2.9742,,,,,,,,,,,,,,,,,
0.3018,-2.9782,,,,,,,,,,,,,,,,,
0.3018,-2.9762,,,,,,,,,,,,,,,,,
0.3018,-2.9762,,,,,,,,,,,,,,,,,
0.3018,-2.996,,,,,,,,,,,,,,,,,
0.3018,-3.0159,,,,,,,,,,,,,,,,,
0.3018,-3.0159,,,,,,,,,,,,,,,,,
0.3018,-3.0159,,,,,,,,,,,,,,,,,
0.3018,-3.0357,,,,,,,,,,,,,,,,,
0.3018,-3.0355,,,,,,,,,,,,,,,,,
0.3018,-3.036,,,,,,,,,,,,,,,,,
0.3018,-3.0357,,,,,,,,,,,,,,,,,
0.3018,-3.0357,,,,,,,,,,,,,,,,,
0.3018,-3.0357,,,,,,,,,,,,,,,,,
0.3018,-3.0159,,,,,,,,,,,,,,,,,
0.3018,-3.0357,,,,,,,,,,,,,,,,,
0.3018,-2.996,,,,,,,,,,,,,,,,,
0.3018,-3.0159,,,,,,,,,,,,,,,,,
0.3018,-2.9958,,,,,,,,,,,,,,,,,
0.3018,-2.9764,,,,,,,,,,,,,,,,,
0.3018,-2.9752,,,,,,,,,,,,,,,,,
0.3018,-2.9561,,,,,,,,,,,,,,,,,
0.3018,-2.9576,,,,,,,,,,,,,,,,,
0.3018,-2.9365,,,,,,,,,,,,,,,,,
0.3018,-2.9365,,,,,,,,,,,,,,,,,
0.3018,-2.9563,,,,,,,,,,,,,,,,,
0.3018,-2.9563,,,,,,,,,,,,,,,,,
0.3018,-2.9563,,,,,,,,,,,,,,,,,
0.3018,-2.9563,,,,,,,,,,,,,,,,,
0.3018,-2.9762,,,,,,,,,,,,,,,,,
0.3018,-2.9958,,,,,,,,,,,,,,,,,
0.3018,-2.9963,,,,,,,,,,,,,,,,,
0.3018,-2.996,,,,,,,,,,,,,,,,,
0.3018,-2.996,,,,,,,,,,,,,,,,,
0.3018,-3.0357,,,,,,,,,,,,,,,,,
0.3018,-3.0357,,,,,,,,,,,,,,,,,
0.3018,-3.0159,,,,,,,,,,,,,,,,,
0.3018,-3.0556,,,,,,,,,,,,,,,,,
0.3018,-3.0543,,,,,,,,,,,,,,,,,
0.3018,-3.0166,,,,,,,,,,,,,,,,,
0.3018,-3.0558,,,,,,,,,,,,,,,,,
0.3018,-3.0161,,,,,,,,,,,,,,,,,
0.3018,-3.0357,,,,,,,,,,,,,,,,,
0.3018,-3.0159,,,,,,,,,,,,,,,,,
0.3018,-2.996,,,,,,,,,,,,,,,,,
0.3018,-3.0159,,,,,,,,,,,,,,,,,
0.3018,-2.9762,,,,,,,,,,,,,,,,,
0.3018,-2.9762,,,,,,,,,,,,,,,,,
0.3018,-2.9559,,,,,,,,,,,,,,,,,
0.3018,-2.9568,,,,,,,,,,,,,,,,,
0.3018,-2.9365,,,,,,,,,,,,,,,,,
0.3018,-2.9365,,,,,,,,,,,,,,,,,
0.3018,-2.9167,,,,,,,,,,,,,,,,,
0.3018,-2.9167,,,,,,,,,,,,,,,,,
0.3018,-2.9167,,,,,,,,,,,,,,,,,
0.3018,-2.9167,,,,,,,,,,,,,,,,,
0.3018,-2.9544,,,,,,,,,,,,,,,,,
0.3018,-2.9186,,,,,,,,,,,,,,,,,
0.3018,-2.9167,,,,,,,,,,,,,,,,,
0.3018,-2.9365,,,,,,,,,,,,,,,,,
0.3018,-2.9563,,,,,,,,,,,,,,,,,
0.3018,-2.9762,,,,,,,,,,,,,,,,,
0.3018,-2.9762,,,,,,,,,,,,,,,,,
0.3018,-2.996,,,,,,,,,,,,,,,,,
0.3018,-3.0159,,,,,,,,,,,,,,,,,
0.3018,-3.0156,,,,,,,,,,,,,,,,,
0.3018,-3.036,,,,,,,,,,,,,,,,,
0.3018,-3.0159,,,,,,,,,,,,,,,,,
0.3018,-3.0159,,,,,,,,,,,,,,,,,
0.3018,-3.0159,,,,,,,,,,,,,,,,,
0.3018,-3.0159,,,,,,,,,,,,,,,,,
0.3018,-3.0139,,,,,,,,,,,,,,,,,
0.3018,-2.998,,,,,,,,,,,,,,,,,
0.3018,-2.9762,,,,,,,,,,,,,,,,,
0.3018,-2.9762,,,,,,,,,,,,,,,,,
0.3018,-2.9563,,,,,,,,,,,,,,,,,
0.3018,-2.9365,,,,,,,,,,,,,,,,,
0.3018,-2.9365,,,,,,,,,,,,,,,,,
0.3018,-2.9365,,,,,,,,,,,,,,,,,
0.3018,-2.9167,,,,,,,,,,,,,,,,,
0.3018,-2.9363,,,,,,,,,,,,,,,,,
0.3018,-2.9142,,,,,,,,,,,,,,,,,
0.3018,-2.9184,,,,,,,,,,,,,,,,,
0.3018,-2.9176,,,,,,,,,,,,,,,,,
0.3018,-2.9167,,,,,,,,,,,,,,,,,
0.3018,-2.9365,,,,,,,,,,,,,,,,,
0.3018,-2.9365,,,,,,,,,,,,,,,,,
0.3018,-2.9732,,,,,,,,,,,,,,,,,
0.3018,-2.9593,,,,,,,,,,,,,,,,,
0.3018,-2.9762,,,,,,,,,,,,,,,,,
0.3018,-2.996,,,,,,,,,,,,,,,,,
0.3018,-2.996,,,,,,,,,,,,,,,,,
0.3018,-3.0159,,,,,,,,,,,,,,,,,
0.3018,-3.0159,,,,,,,,,,,,,,,,,
0.3018,-3.0159,,,,,,,,,,,,,,,,,
0.3018,-3.0357,,,,,,,,,,,,,,,,,
0.3018,-3.0156,,,,,,,,,,,,,,,,,
0.3018,-3.0161,,,,,,,,,,,,,,,,,
0.3018,-3.0159,,,,,,,,,,,,,,,,,
0.3018,-3.0159,,,,,,,,,,,,,,,,,
0.3018,-2.996,,,,,,,,,,,,,,,,,
0.3018,-2.996,,,,,,,,,,,,,,,,,
0.3018,-2.9762,,,,,,,,,,,,,,,,,
0.3018,-2.9948,,,,,,,,,,,,,,,,,
0.3018,-2.9568,,,,,,,,,,,,,,,,,
0.3018,-2.9767,,,,,,,,,,,,,,,,,
0.3018,-2.9566,,,,,,,,,,,,,,,,,
0.3018,-2.9563,,,,,,,,,,,,,,,,,
0.3018,-2.9563,,,,,,,,,,,,,,,,,
0.3018,-2.9365,,,,,,,,,,,,,,,,,
0.3018,-2.9365,,,,,,,,,,,,,,,,,
0.3018,-2.9762,,,,,,,,,,,,,,,,,
0.3018,-2.9762,,,,,,,,,,,,,,,,,
0.3018,-2.9757,,,,,,,,,,,,,,,,,
0.3018,-2.9767,,,,,,,,,,,,,,,,,
0.3018,-2.9762,,,,,,,,,,,,,,,,,
0.3018,-2.996,,,,,,,,,,,,,,,,,
0.3018,-2.996,,,,,,,,,,,,,,,,,
0.3018,-2.996,,,,,,,,,,,,,,,,,
0.3018,-3.0159,,,,,,,,,,,,,,,,,
0.3018,-3.0337,,,,,,,,,,,,,,,,,
0.3018,-3.0179,,,,,,,,,,,,,,,,,
0.3018,-3.0357,,,,,,,,,,,,,,,,,
0.3018,-3.0357,,,,,,,,,,,,,,,,,
0.3018,-3.0357,,,,,,,,,,,,,,,,,
0.3018,-3.0357,,,,,,,,,,,,,,,,,
0.3018,-3.0357,,,,,,,,,,,,,,,,,
0.3018,-3.0357,,,,,,,,,,,,,,,,,
0.3018,-3.0357,,,,,,,,,,,,,,,,,
0.3018,-3.0156,,,,,,,,,,,,,,,,,
0.3018,-3.0161,,,,,,,,,,,,,,,,,
0.3018,-3.0159,,,,,,,,,,,,,,,,,
0.3018,-2.996,,,,,,,,,,,,,,,,,
0.3018,-2.9762,,,,,,,,,,,,,,,,,
0.3018,-2.9762,,,,,,,,,,,,,,,,,
0.3018,-2.9563,,,,,,,,,,,,,,,,,
0.3018,-2.9563,,,,,,,,,,,,,,,,,
0.3018,-2.9742,,,,,,,,,,,,,,,,,
0.3018,-2.9782,,,,,,,,,,,,,,,,,
0.3018,-2.9365,,,,,,,,,,,,,,,,,
0.3018,-2.9563,,,,,,,,,,,,,,,,,
0.3018,-2.9762,,,,,,,,,,,,,,,,,
0.3018,-2.9563,,,,,,,,,,,,,,,,,
0.3018,-2.9563,,,,,,,,,,,,,,,,,
0.3018,-2.996,,,,,,,,,,,,,,,,,
0.3018,-2.9762,,,,,,,,,,,,,,,,,
0.3018,-2.9759,,,,,,,,,,,,,,,,,
0.3018,-2.9963,,,,,,,,,,,,,,,,,
0.3018,-2.996,,,,,,,,,,,,,,,,,
0.3018,-2.996,,,,,,,,,,,,,,,,,
0.3018,-2.996,,,,,,,,,,,,,,,,,
0.3018,-2.9762,,,,,,,,,,,,,,,,,
0.3018,-3.0159,,,,,,,,,,,,,,,,,
0.3018,-2.996,,,,,,,,,,,,,,,,,
0.3018,-3.0159,,,,,,,,,,,,,,,,,
0.3018,-3.0139,,,,,,,,,,,,,,,,,
0.3018,-2.998,,,,,,,,,,,,,,,,,
0.3018,-3.0159,,,,,,,,,,,,,,,,,
0.3018,-2.996,,,,,,,,,,,,,,,,,
0.3018,-2.996,,,,,,,,,,,,,,,,,
0.3018,-2.9762,,,,,,,,,,,,,,,,,
0.3018,-2.9762,,,,,,,,,,,,,,,,,
0.3018,-2.9762,,,,,,,,,,,,,,,,,
0.3018,-2.9365,,,,,,,,,,,,,,,,,
0.3018,-2.9363,,,,,,,,,,,,,,,,,
0.3018,-2.9368,,,,,,,,,,,,,,,,,
0.3018,-2.9167,,,,,,,,,,,,,,,,,
0.3018,-2.9167,,,,,,,,,,,,,,,,,
0.3018,-2.8968,,,,,,,,,,,,,,,,,
0.3018,-2.9365,,,,,,,,,,,,,,,,,
0.3018,-2.9167,,,,,,,,,,,,,,,,,
0.3018,-2.9365,,,,,,,,,,,,,,,,,
0.3018,-2.9365,,,,,,,,,,,,,,,,,
0.3018,-2.9561,,,,,,,,,,,,,,,,,
0.3018,-2.9368,,,,,,,,,,,,,,,,,
0.3018,-2.9762,,,,,,,,,,,,,,,,,
0.3018,-2.9762,,,,,,,,,,,,,,,,,
0.3018,-2.9762,,,,,,,,,,,,,,,,,
0.3018,-2.996,,,,,,,,,,,,,,,,,
0.3018,-2.996,,,,,,,,,,,,,,,,,
0.3018,-3.0159,,,,,,,,,,,,,,,,,
0.3018,-3.0357,,,,,,,,,,,,,,,,,
0.3018,-3.0156,,,,,,,,,,,,,,,,,
0.3018,-3.036,,,,,,,,,,,,,,,,,
0.3018,-3.0159,,,,,,,,,,,,,,,,,
0.3018,-3.0159,,,,,,,,,,,,,,,,,
-0.3018,-3.0139,,,,,,,,,,,,,,,,,
-0.3018,-2.9782,,,,,,,,,,,,,,,,,
-0.3018,-2.9365,,,,,,,,,,,,,,,,,
-0.3018,-2.877,,,,,,,,,,,,,,,,,
-0.3018,-2.8373,,,,,,,,,,,,,,,,,
-0.3018,-2.8175,,,,,,,,,,,,,,,,,
-0.3018,-2.7778,,,,,,,,,,,,,,,,,
-0.3018,-2.7579,,,,,,,,,,,,,,,,,
-0.3018,-2.7381,,,,,,,,,,,,,,,,,
-0.3018,-2.718,,,,,,,,,,,,,,,,,
-0.3018,-2.6986,,,,,,,,,,,,,,,,,
-0.3018,-2.6984,,,,,,,,,,,,,,,,,
-0.3018,-2.6984,,,,,,,,,,,,,,,,,
-0.3018,-2.6786,,,,,,,,,,,,,,,,,
-0.3018,-2.6786,,,,,,,,,,,,,,,,,
-0.3018,-2.6966,,,,,,,,,,,,,,,,,
-0.3018,-2.7002,,,,,,,,,,,,,,,,,
-0.3018,-2.6786,,,,,,,,,,,,,,,,,
-0.3018,-2.6984,,,,,,,,,,,,,,,,,
-0.3018,-2.7183,,,,,,,,,,,,,,,,,
-0.3018,-2.7183,,,,,,,,,,,,,,,,,
-0.3018,-2.7183,,,,,,,,,,,,,,,,,
-0.3018,-2.7381,,,,,,,,,,,,,,,,,
-0.3018,-2.7381,,,,,,,,,,,,,,,,,
-0.3018,-2.7379,,,,,,,,,,,,,,,,,
-0.3018,-2.7582,,,,,,,,,,,,,,,,,
-0.3018,-2.7579,,,,,,,,,,,,,,,,,
-0.3018,-2.7778,,,,,,,,,,,,,,,,,
-0.3018,-2.7381,,,,,,,,,,,,,,,,,
-0.3018,-2.7778,,,,,,,,,,,,,,,,,
-0.3018,-2.7381,,,,,,,,,,,,,,,,,
-0.3018,-2.7381,,,,,,,,,,,,,,,,,
-0.3018,-2.7164,,,,,,,,,,,,,,,,,
-0.3018,-2.7196,,,,,,,,,,,,,,,,,
-0.3018,-2.6788,,,,,,,,,,,,,,,,,
-0.3018,-2.6788,,,,,,,,,,,,,,,,,
-0.3018,-2.6786,,,,,,,,,,,,,,,,,
-0.3018,-2.6389,,,,,,,,,,,,,,,,,
-0.3018,-2.6389,,,,,,,,,,,,,,,,,
-0.3018,-2.619,,,,,,,,,,,,,,,,,
-0.3018,-2.619,,,,,,,,,,,,,,,,,
-0.3018,-2.5992,,,,,,,,,,,,,,,,,
-0.3018,-2.6186,,,,,,,,,,,,,,,,,
-0.3018,-2.5996,,,,,,,,,,,,,,,,,
-0.3018,-2.619,,,,,,,,,,,,,,,,,
-0.3018,-2.619,,,,,,,,,,,,,,,,,
-0.3018,-2.619,,,,,,,,,,,,,,,,,
-0.3018,-2.619,,,,,,,,,,,,,,,,,
-0.3018,-2.619,,,,,,,,,,,,,,,,,
-0.3018,-2.6587,,,,,,,,,,,,,,,,,
-0.3018,-2.6389,,,,,,,,,,,,,,,,,
-0.3018,-2.6576,,,,,,,,,,,,,,,,,
-0.3018,-2.6786,,,,,,,,,,,,,,,,,
-0.3018,-2.6797,,,,,,,,,,,,,,,,,
-0.3018,-2.7183,,,,,,,,,,,,,,,,,
-0.3018,-2.6984,,,,,,,,,,,,,,,,,
-0.3018,-2.7183,,,,,,,,,,,,,,,,,
-0.3018,-2.7183,,,,,,,,,,,,,,,,,
-0.3018,-2.7183,,,,,,,,,,,,,,,,,
-0.3018,-2.7381,,,,,,,,,,,,,,,,,
-0.3018,-2.7183,,,,,,,,,,,,,,,,,
-0.3018,-2.6982,,,,,,,,,,,,,,,,,
-0.3018,-2.7185,,,,,,,,,,,,,,,,,
-0.3018,-2.6984,,,,,,,,,,,,,,,,,
-0.3018,-2.6786,,,,,,,,,,,,,,,,,
-0.3018,-2.6786,,,,,,,,,,,,,,,,,
-0.3018,-2.6587,,,,,,,,,,,,,,,,,
-0.3018,-2.6389,,,,,,,,,,,,,,,,,
-0.3018,-2.619,,,,,,,,,,,,,,,,,
-0.3018,-2.6371,,,,,,,,,,,,,,,,,
-0.3018,-2.6009,,,,,,,,,,,,,,,,,
-0.3018,-2.5794,,,,,,,,,,,,,,,,,
-0.3018,-2.5992,,,,,,,,,,,,,,,,,
-0.3018,-2.5794,,,,,,,,,,,,,,,,,
-0.3018,-2.5794,,,,,,,,,,,,,,,,,
-0.3018,-2.5794,,,,,,,,,,,,,,,,,
-0.3018,-2.5794,,,,,,,,,,,,,,,,,
-0.3018,-2.5794,,,,,,,,,,,,,,,,,
-0.3018,-2.599,,,,,,,,,,,,,,,,,
-0.3018,-2.5796,,,,,,,,,,,,,,,,,
-0.3018,-2.619,,,,,,,,,,,,,,,,,
-0.3018,-2.619,,,,,,,,,,,,,,,,,
-0.3018,-2.619,,,,,,,,,,,,,,,,,
-0.3018,-2.6587,,,,,,,,,,,,,,,,,
-0.3018,-2.6587,,,,,,,,,,,,,,,,,
-0.3018,-2.6768,,,,,,,,,,,,,,,,,
-0.3018,-2.6804,,,,,,,,,,,,,,,,,
-0.3018,-2.6984,,,,,,,,,,,,,,,,,
-0.3018,-2.6984,,,,,,,,,,,,,,,,,
-0.3018,-2.7183,,,,,,,,,,,,,,,,,
-0.3018,-2.7381,,,,,,,,,,,,,,,,,
-0.3018,-2.7183,,,,,,,,,,,,,,,,,
-0.3018,-2.7381,,,,,,,,,,,,,,,,,
-0.3018,-2.7183,,,,,,,,,,,,,,,,,
-0.3018,-2.718,,,,,,,,,,,,,,,,,
-0.3018,-2.7185,,,,,,,,,,,,,,,,,
-0.3018,-2.6786,,,,,,,,,,,,,,,,,
-0.3018,-2.6984,,,,,,,,,,,,,,,,,
-0.3018,-2.6587,,,,,,,,,,,,,,,,,
-0.3018,-2.6587,,,,,,,,,,,,,,,,,
-0.3018,-2.6389,,,,,,,,,,,,,,,,,
-0.3018,-2.619,,,,,,,,,,,,,,,,,
-0.3018,-2.619,,,,,,,,,,,,,,,,,
-0.3018,-2.599,,,,,,,,,,,,,,,,,
-0.3018,-2.6175,,,,,,,,,,,,,,,,,
-0.3018,-2.5811,,,,,,,,,,,,,,,,,
-0.3018,-2.5794,,,,,,,,,,,,,,,,,
-0.3018,-2.5794,,,,,,,,,,,,,,,,,
-0.3018,-2.5992,,,,,,,,,,,,,,,,,
-0.3018,-2.5992,,,,,,,,,,,,,,,,,
-0.3018,-2.5794,,,,,,,,,,,,,,,,,
-0.3018,-2.619,,,,,,,,,,,,,,,,,
-0.3018,-2.619,,,,,,,,,,,,,,,,,
-0.3018,-2.6188,,,,,,,,,,,,,,,,,
-0.3018,-2.6193,,,,,,,,,,,,,,,,,
-0.3018,-2.6587,,,,,,,,,,,,,,,,,
-0.3018,-2.6587,,,,,,,,,,,,,,,,,
-0.3018,-2.6587,,,,,,,,,,,,,,,,,
-0.3018,-2.6984,,,,,,,,,,,,,,,,,
-0.3018,-2.6984,,,,,,,,,,,,,,,,,
-0.3018,-2.7183,,,,,,,,,,,,,,,,,
-0.3018,-2.737,,,,,,,,,,,,,,,,,
-0.3018,-2.7187,,,,,,,,,,,,,,,,,
-0.3018,-2.7189,,,,,,,,,,,,,,,,,
-0.3018,-2.7183,,,,,,,,,,,,,,,,,
-0.3018,-2.6984,,,,,,,,,,,,,,,,,
-0.3018,-2.7183,,,,,,,,,,,,,,,,,
-0.3018,-2.6984,,,,,,,,,,,,,,,,,
-0.3018,-2.6786,,,,,,,,,,,,,,,,,
-0.3018,-2.6786,,,,,,,,,,,,,,,,,
-0.3018,-2.6585,,,,,,,,,,,,,,,,,
-0.3018,-2.6391,,,,,,,,,,,,,,,,,
-0.3018,-2.6389,,,,,,,,,,,,,,,,,
-0.3018,-2.5992,,,,,,,,,,,,,,,,,
-0.3018,-2.619,,,,,,,,,,,,,,,,,
-0.3018,-2.5992,,,,,,,,,,,,,,,,,
-0.3018,-2.5794,,,,,,,,,,,,,,,,,
-0.3018,-2.5981,,,,,,,,,,,,,,,,,
-0.3018,-2.58,,,,,,,,,,,,,,,,,
-0.3018,-2.5994,,,,,,,,,,,,,,,,,
-0.3018,-2.5796,,,,,,,,,,,,,,,,,
-0.3018,-2.5794,,,,,,,,,,,,,,,,,
-0.3018,-2.5992,,,,,,,,,,,,,,,,,
-0.3018,-2.5992,,,,,,,,,,,,,,,,,
-0.3018,-2.5992,,,,,,,,,,,,,,,,,
-0.3018,-2.619,,,,,,,,,,,,,,,,,
-0.3018,-2.619,,,,,,,,,,,,,,,,,
-0.3018,-2.6384,,,,,,,,,,,,,,,,,
-0.3018,-2.6393,,,,,,,,,,,,,,,,,
-0.3018,-2.6587,,,,,,,,,,,,,,,,,
-0.3018,-2.6786,,,,,,,,,,,,,,,,,
-0.3018,-2.6786,,,,,,,,,,,,,,,,,
-0.3018,-2.6984,,,,,,,,,,,,,,,,,
-0.3018,-2.6984,,,,,,,,,,,,,,,,,
-0.3018,-2.7183,,,,,,,,,,,,,,,,,
-0.3018,-2.7164,,,,,,,,,,,,,,,,,
-0.3018,-2.7002,,,,,,,,,,,,,,,,,
-0.3018,-2.7183,,,,,,,,,,,,,,,,,
-0.3018,-2.6984,,,,,,,,,,,,,,,,,
-0.3018,-2.6786,,,,,,,,,,,,,,,,,
-0.3018,-2.6786,,,,,,,,,,,,,,,,,
-0.3018,-2.6587,,,,,,,,,,,,,,,,,
-0.3018,-2.6389,,,,,,,,,,,,,,,,,
-0.3018,-2.6389,,,,,,,,,,,,,,,,,
-0.3018,-2.6188,,,,,,,,,,,,,,,,,
-0.3018,-2.5994,,,,,,,,,,,,,,,,,
-0.3018,-2.5794,,,,,,,,,,,,,,,,,
-0.3018,-2.5595,,,,,,,,,,,,,,,,,
-0.3018,-2.5794,,,,,,,,,,,,,,,,,
-0.3018,-2.5397,,,,,,,,,,,,,,,,,
-0.3018,-2.5595,,,,,,,,,,,,,,,,,
-0.3018,-2.5595,,,,,,,,,,,,,,,,,
-0.3018,-2.5585,,,,,,,,,,,,,,,,,
-0.3018,-2.5602,,,,,,,,,,,,,,,,,
-0.3018,-2.5597,,,,,,,,,,,,,,,,,
-0.3018,-2.5597,,,,,,,,,,,,,,,,,
-0.3018,-2.5794,,,,,,,,,,,,,,,,,
-0.3018,-2.5992,,,,,,,,,,,,,,,,,
-0.3018,-2.5992,,,,,,,,,,,,,,,,,
-0.3018,-2.619,,,,,,,,,,,,,,,,,
-0.3018,-2.6389,,,,,,,,,,,,,,,,,
-0.3018,-2.6587,,,,,,,,,,,,,,,,,
-0.3018,-2.6781,,,,,,,,,,,,,,,,,
-0.3018,-2.679,,,,,,,,,,,,,,,,,
-0.3018,-2.6786,,,,,,,,,,,,,,,,,
-0.3018,-2.7183,,,,,,,,,,,,,,,,,
-0.3018,-2.6984,,,,,,,,,,,,,,,,,
-0.3018,-2.6984,,,,,,,,,,,,,,,,,
-0.3018,-2.7183,,,,,,,,,,,,,,,,,
-0.3018,-2.6984,,,,,,,,,,,,,,,,,
-0.3018,-2.6984,,,,,,,,,,,,,,,,,
-0.3018,-2.6973,,,,,,,,,,,,,,,,,
-0.3018,-2.6786,,,,,,,,,,,,,,,,,
-0.3018,-2.64,,,,,,,,,,,,,,,,,
-0.3018,-2.6587,,,,,,,,,,,,,,,,,
-0.3018,-2.6389,,,,,,,,,,,,,,,,,
-0.3018,-2.619,,,,,,,,,,,,,,,,,
-0.3018,-2.5992,,,,,,,,,,,,,,,,,
-0.3018,-2.5992,,,,,,,,,,,,,,,,,
-0.3018,-2.5992,,,,,,,,,,,,,,,,,
-0.3018,-2.5992,,,,,,,,,,,,,,,,,
-0.3018,-2.5791,,,,,,,,,,,,,,,,,
-0.3018,-2.5597,,,,,,,,,,,,,,,,,
-0.3018,-2.5595,,,,,,,,,,,,,,,,,
-0.3018,-2.5595,,,,,,,,,,,,,,,,,
-0.3018,-2.5794,,,,,,,,,,,,,,,,,
-0.3018,-2.5595,,,,,,,,,,,,,,,,,
-0.3018,-2.5794,,,,,,,,,,,,,,,,,
-0.3018,-2.5794,,,,,,,,,,,,,,,,,
-0.3018,-2.5992,,,,,,,,,,,,,,,,,
-0.3018,-2.619,,,,,,,,,,,,,,,,,
-0.3018,-2.6188,,,,,,,,,,,,,,,,,
-0.3018,-2.6391,,,,,,,,,,,,,,,,,
-0.3018,-2.6587,,,,,,,,,,,,,,,,,
-0.3018,-2.6587,,,,,,,,,,,,,,,,,
-0.3018,-2.6966,,,,,,,,,,,,,,,,,
-0.3018,-2.6804,,,,,,,,,,,,,,,,,
-0.3018,-2.6984,,,,,,,,,,,,,,,,,
-0.3018,-2.7183,,,,,,,,,,,,,,,,,
-0.3018,-2.7183,,,,,,,,,,,,,,,,,
-0.3018,-2.7183,,,,,,,,,,,,,,,,,
-0.3018,-2.7183,,,,,,,,,,,,,,,,,
-0.3018,-2.6984,,,,,,,,,,,,,,,,,
-0.3018,-2.7183,,,,,,,,,,,,,,,,,
-0.3018,-2.6783,,,,,,,,,,,,,,,,,
-0.3018,-2.6788,,,,,,,,,,,,,,,,,
-0.3018,-2.6786,,,,,,,,,,,,,,,,,
-0.3018,-2.6587,,,,,,,,,,,,,,,,,
-0.3018,-2.6389,,,,,,,,,,,,,,,,,
-0.3018,-2.6389,,,,,,,,,,,,,,,,,
-0.3018,-2.619,,,,,,,,,,,,,,,,,
-0.3018,-2.619,,,,,,,,,,,,,,,,,
-0.3018,-2.5992,,,,,,,,,,,,,,,,,
-0.3018,-2.599,,,,,,,,,,,,,,,,,
-0.3018,-2.5994,,,,,,,,,,,,,,,,,
-0.3018,-2.5975,,,,,,,,,,,,,,,,,
-0.3018,-2.5811,,,,,,,,,,,,,,,,,
-0.3018,-2.5992,,,,,,,,,,,,,,,,,
-0.3018,-2.5992,,,,,,,,,,,,,,,,,
-0.3018,-2.619,,,,,,,,,,,,,,,,,
-0.3018,-2.6389,,,,,,,,,,,,,,,,,
-0.3018,-2.619,,,,,,,,,,,,,,,,,
-0.3018,-2.6587,,,,,,,,,,,,,,,,,
-0.3018,-2.6389,,,,,,,,,,,,,,,,,
-0.3018,-2.6783,,,,,,,,,,,,,,,,,
-0.3018,-2.6788,,,,,,,,,,,,,,,,,
-0.3018,-2.6984,,,,,,,,,,,,,,,,,
-0.3018,-2.6984,,,,,,,,,,,,,,,,,
-0.3018,-2.7381,,,,,,,,,,,,,,,,,
-0.3018,-2.7183,,,,,,,,,,,,,,,,,
-0.3018,-2.7381,,,,,,,,,,,,,,,,,
-0.3018,-2.7183,,,,,,,,,,,,,,,,,
-0.3018,-2.7381,,,,,,,,,,,,,,,,,
-0.3018,-2.718,,,,,,,,,,,,,,,,,
-0.3018,-2.7169,,,,,,,,,,,,,,,,,
-0.3018,-2.7198,,,,,,,,,,,,,,,,,
-0.3018,-2.6786,,,,,,,,,,,,,,,,,
-0.3018,-2.6786,,,,,,,,,,,,,,,,,
-0.3018,-2.6786,,,,,,,,,,,,,,,,,
-0.3018,-2.6389,,,,,,,,,,,,,,,,,
-0.3018,-2.6389,,,,,,,,,,,,,,,,,
-0.3018,-2.619,,,,,,,,,,,,,,,,,
-0.3018,-2.619,,,,,,,,,,,,,,,,,
-0.3018,-2.6188,,,,,,,,,,,,,,,,,
-0.3018,-2.5994,,,,,,,,,,,,,,,,,
-0.3018,-2.5992,,,,,,,,,,,,,,,,,
-0.3018,-2.5794,,,,,,,,,,,,,,,,,
-0.3018,-2.5794,,,,,,,,,,,,,,,,,
-0.3018,-2.5992,,,,,,,,,,,,,,,,,
-0.3018,-2.5992,,,,,,,,,,,,,,,,,
-0.3018,-2.5992,,,,,,,,,,,,,,,,,
-0.3018,-2.5992,,,,,,,,,,,,,,,,,
-0.3018,-2.619,,,,,,,,,,,,,,,,,
-0.3018,-2.6188,,,,,,,,,,,,,,,,,
-0.3018,-2.6572,,,,,,,,,,,,,,,,,
-0.3018,-2.6406,,,,,,,,,,,,,,,,,
-0.3018,-2.6587,,,,,,,,,,,,,,,,,
-0.3018,-2.6786,,,,,,,,,,,,,,,,,
-0.3018,-2.6786,,,,,,,,,,,,,,,,,
-0.3018,-2.6984,,,,,,,,,,,,,,,,,
-0.3018,-2.7183,,,,,,,,,,,,,,,,,
-0.3018,-2.7381,,,,,,,,,,,,,,,,,
-0.3018,-2.7183,,,,,,,,,,,,,,,,,
-0.3018,-2.7379,,,,,,,,,,,,,,,,,
-0.3018,-2.7383,,,,,,,,,,,,,,,,,
-0.3018,-2.7183,,,,,,,,,,,,,,,,,
-0.3018,-2.7381,,,,,,,,,,,,,,,,,
-0.3018,-2.6984,,,,,,,,,,,,,,,,,
-0.3018,-2.6984,,,,,,,,,,,,,,,,,
-0.3018,-2.6786,,,,,,,,,,,,,,,,,
-0.3018,-2.6587,,,,,,,,,,,,,,,,,
-0.3018,-2.6587,,,,,,,,,,,,,,,,,
-0.3018,-2.6378,,,,,,,,,,,,,,,,,
-0.3018,-2.6197,,,,,,,,,,,,,,,,,
-0.3018,-2.6193,,,,,,,,,,,,,,,,,
-0.3018,-2.5994,,,,,,,,,,,,,,,,,
-0.3018,-2.5992,,,,,,,,,,,,,,,,,
-0.3018,-2.5794,,,,,,,,,,,,,,,,,
-0.3018,-2.5992,,,,,,,,,,,,,,,,,
-0.3018,-2.5794,,,,,,,,,,,,,,,,,
-0.3018,-2.5794,,,,,,,,,,,,,,,,,
-0.3018,-2.5992,,,,,,,,,,,,,,,,,
-0.3018,-2.599,,,,,,,,,,,,,,,,,
-0.3018,-2.5994,,,,,,,,,,,,,,,,,
-0.3018,-2.619,,,,,,,,,,,,,,,,,
-0.3018,-2.619,,,,,,,,,,,,,,,,,
-0.3018,-2.6389,,,,,,,,,,,,,,,,,
-0.3018,-2.6389,,,,,,,,,,,,,,,,,
-0.3018,-2.6587,,,,,,,,,,,,,,,,,
-0.3018,-2.6786,,,,,,,,,,,,,,,,,
-0.3018,-2.6984,,,,,,,,,,,,,,,,,
-0.3018,-2.6966,,,,,,,,,,,,,,,,,
-0.3018,-2.7176,,,,,,,,,,,,,,,,,
-0.3018,-2.7009,,,,,,,,,,,,,,,,,
-0.3018,-2.6984,,,,,,,,,,,,,,,,,
-0.3018,-2.7381,,,,,,,,,,,,,,,,,
-0.3018,-2.6984,,,,,,,,,,,,,,,,,
-0.3018,-2.7183,,,,,,,,,,,,,,,,,
-0.3018,-2.7183,,,,,,,,,,,,,,,,,
-0.3018,-2.6984,,,,,,,,,,,,,,,,,
-0.3018,-2.6984,,,,,,,,,,,,,,,,,
-0.3018,-2.6781,,,,,,,,,,,,,,,,,
-0.3018,-2.679,,,,,,,,,,,,,,,,,
-0.3018,-2.6389,,,,,,,,,,,,,,,,,
-0.3018,-2.6389,,,,,,,,,,,,,,,,,
-0.3018,-2.6389,,,,,,,,,,,,,,,,,
-0.3018,-2.619,,,,,,,,,,,,,,,,,
-0.3018,-2.619,,,,,,,,,,,,,,,,,
-0.3018,-2.619,,,,,,,,,,,,,,,,,
-0.3018,-2.5992,,,,,,,,,,,,,,,,,
-0.3018,-2.6175,,,,,,,,,,,,,,,,,
-0.3018,-2.5992,,,,,,,,,,,,,,,,,
-0.3018,-2.6007,,,,,,,,,,,,,,,,,
-0.3018,-2.5992,,,,,,,,,,,,,,,,,
-0.3018,-2.5992,,,,,,,,,,,,,,,,,
-0.3018,-2.619,,,,,,,,,,,,,,,,,
-0.3018,-2.619,,,,,,,,,,,,,,,,,
-0.3018,-2.619,,,,,,,,,,,,,,,,,
-0.3018,-2.6389,,,,,,,,,,,,,,,,,
-0.3018,-2.6389,,,,,,,,,,,,,,,,,
-0.3018,-2.6585,,,,,,,,,,,,,,,,,
-0.3018,-2.6788,,,,,,,,,,,,,,,,,
-0.3018,-2.6587,,,,,,,,,,,,,,,,,
-0.3018,-2.6587,,,,,,,,,,,,,,,,,
-0.3018,-2.6984,,,,,,,,,,,,,,,,,
-0.3018,-2.6984,,,,,,,,,,,,,,,,,
-0.3018,-2.6984,,,,,,,,,,,,,,,,,
-0.3018,-2.7171,,,,,,,,,,,,,,,,,
-0.3018,-2.6991,,,,,,,,,,,,,,,,,
-0.3018,-2.7185,,,,,,,,,,,,,,,,,
-0.3018,-2.6986,,,,,,,,,,,,,,,,,
-0.3018,-2.6984,,,,,,,,,,,,,,,,,
-0.3018,-2.6786,,,,,,,,,,,,,,,,,
-0.3018,-2.6587,,,,,,,,,,,,,,,,,
-0.3018,-2.6786,,,,,,,,,,,,,,,,,
-0.3018,-2.6587,,,,,,,,,,,,,,,,,
-0.3018,-2.6389,,,,,,,,,,,,,,,,,
-0.3018,-2.6384,,,,,,,,,,,,,,,,,
-0.3018,-2.6393,,,,,,,,,,,,,,,,,
-0.3018,-2.619,,,,,,,,,,,,,,,,,
-0.3018,-2.619,,,,,,,,,,,,,,,,,
-0.3018,-2.619,,,,,,,,,,,,,,,,,
-0.3018,-2.5992,,,,,,,,,,,,,,,,,
-0.3018,-2.619,,,,,,,,,,,,,,,,,
-0.3018,-2.619,,,,,,,,,,,,,,,,,
-0.3018,-2.619,,,,,,,,,,,,,,,,,
-0.3018,-2.6378,,,,,,,,,,,,,,,,,
-0.3018,-2.6389,,,,,,,,,,,,,,,,,
-0.3018,-2.64,,,,,,,,,,,,,,,,,
-0.3018,-2.6587,,,,,,,,,,,,,,,,,
-0.3018,-2.6587,,,,,,,,,,,,,,,,,
-0.3018,-2.6587,,,,,,,,,,,,,,,,,
-0.3018,-2.6786,,,,,,,,,,,,,,,,,
-0.3018,-2.6984,,,,,,,,,,,,,,,,,
-0.3018,-2.7183,,,,,,,,,,,,,,,,,
-0.3018,-2.7183,,,,,,,,,,,,,,,,,
-0.3018,-2.718,,,,,,,,,,,,,,,,,
-0.3018,-2.7383,,,,,,,,,,,,,,,,,
-0.3018,-2.7183,,,,,,,,,,,,,,,,,
-0.3018,-2.7381,,,,,,,,,,,,,,,,,
-0.3018,-2.7183,,,,,,,,,,,,,,,,,
-0.3018,-2.7183,,,,,,,,,,,,,,,,,
-0.3018,-2.7183,,,,,,,,,,,,,,,,,
-0.3018,-2.7183,,,,,,,,,,,,,,,,,
-0.3018,-2.6966,,,,,,,,,,,,,,,,,
-0.3018,-2.7002,,,,,,,,,,,,,,,,,
-0.3018,-2.6786,,,,,,,,,,,,,,,,,
-0.3018,-2.6587,,,,,,,,,,,,,,,,,
-0.3018,-2.6587,,,,,,,,,,,,,,,,,
-0.3018,-2.6389,,,,,,,,,,,,,,,,,
-0.3018,-2.6389,,,,,,,,,,,,,,,,,
-0.3018,-2.6389,,,,,,,,,,,,,,,,,
-0.3018,-2.619,,,,,,,,,,,,,,,,,
-0.3018,-2.6188,,,,,,,,,,,,,,,,,
-0.3018,-2.5994,,,,,,,,,,,,,,,,,
-0.3018,-2.5992,,,,,,,,,,,,,,,,,
-0.3018,-2.5992,,,,,,,,,,,,,,,,,
-0.3018,-2.619,,,,,,,,,,,,,,,,,
-0.3018,-2.5992,,,,,,,,,,,,,,,,,
-0.3018,-2.619,,,,,,,,,,,,,,,,,
-0.3018,-2.619,,,,,,,,,,,,,,,,,
-0.3018,-2.6371,,,,,,,,,,,,,,,,,
-0.3018,-2.6605,,,,,,,,,,,,,,,,,
-0.3018,-2.6389,,,,,,,,,,,,,,,,,
-0.3018,-2.6786,,,,,,,,,,,,,,,,,
-0.3018,-2.6786,,,,,,,,,,,,,,,,,
-0.3018,-2.6984,,,,,,,,,,,,,,,,,
-0.3018,-2.6984,,,,,,,,,,,,,,,,,
-0.3018,-2.7183,,,,,,,,,,,,,,,,,
-0.3018,-2.7381,,,,,,,,,,,,,,,,,
-0.3018,-2.7379,,,,,,,,,,,,,,,,,
-0.3018,-2.7383,,,,,,,,,,,,,,,,,
-0.3018,-2.7381,,,,,,,,,,,,,,,,,
-0.3018,-2.7381,,,,,,,,,,,,,,,,,
-0.3018,-2.7183,,,,,,,,,,,,,,,,,
-0.3018,-2.7183,,,,,,,,,,,,,,,,,
-0.3018,-2.6984,,,,,,,,,,,,,,,,,
-0.3018,-2.6984,,,,,,,,,,,,,,,,,
-0.3018,-2.6587,,,,,,,,,,,,,,,,,
-0.3018,-2.6768,,,,,,,,,,,,,,,,,
-0.3018,-2.6605,,,,,,,,,,,,,,,,,
-0.3018,-2.619,,,,,,,,,,,,,,,,,
-0.3018,-2.6389,,,,,,,,,,,,,,,,,
-0.3018,-2.5992,,,,,,,,,,,,,,,,,
-0.3018,-2.619,,,,,,,,,,,,,,,,,
-0.3018,-2.5992,,,,,,,,,,,,,,,,,
-0.3018,-2.5992,,,,,,,,,,,,,,,,,
-0.3018,-2.5992,,,,,,,,,,,,,,,,,
-0.3018,-2.5791,,,,,,,,,,,,,,,,,
-0.3018,-2.5994,,,,,,,,,,,,,,,,,
-0.3018,-2.619,,,,,,,,,,,,,,,,,
-0.3018,-2.5992,,,,,,,,,,,,,,,,,
-0.3018,-2.619,,,,,,,,,,,,,,,,,
-0.3018,-2.6389,,,,,,,,,,,,,,,,,
-0.3018,-2.6389,,,,,,,,,,,,,,,,,
-0.3018,-2.6587,,,,,,,,,,,,,,,,,
-0.3018,-2.6578,,,,,,,,,,,,,,,,,
-0.3018,-2.679,,,,,,,,,,,,,,,,,
-0.3018,-2.6984,,,,,,,,,,,,,,,,,
-0.3018,-2.7185,,,,,,,,,,,,,,,,,
-0.3018,-2.6986,,,,,,,,,,,,,,,,,
-0.3018,-2.7381,,,,,,,,,,,,,,,,,
-0.3018,-2.7381,,,,,,,,,,,,,,,,,
-0.3018,-2.7381,,,,,,,,,,,,,,,,,
-0.3018,-2.7381,,,,,,,,,,,,,,,,,
-0.3018,-2.7381,,,,,,,,,,,,,,,,,
-0.3018,-2.7381,,,,,,,,,,,,,,,,,
-0.3018,-2.718,,,,,,,,,,,,,,,,,
-0.3018,-2.7185,,,,,,,,,,,,,,,,,
-0.3018,-2.6984,,,,,,,,,,,,,,,,,
-0.3018,-2.6786,,,,,,,,,,,,,,,,,
-0.3018,-2.6587,,,,,,,,,,,,,,,,,
-0.3018,-2.6587,,,,,,,,,,,,,,,,,
-0.3018,-2.6389,,,,,,,,,,,,,,,,,
-0.3018,-2.619,,,,,,,,,,,,,,,,,
-0.3018,-2.6173,,,,,,,,,,,,,,,,,
-0.3018,-2.6009,,,,,,,,,,,,,,,,,
-0.3018,-2.5992,,,,,,,,,,,,,,,,,
-0.3018,-2.5794,,,,,,,,,,,,,,,,,
-0.3018,-2.5794,,,,,,,,,,,,,,,,,
-0.3018,-2.5992,,,,,,,,,,,,,,,,,
-0.3018,-2.5794,,,,,,,,,,,,,,,,,
-0.3018,-2.5794,,,,,,,,,,,,,,,,,
-0.3018,-2.5992,,,,,,,,,,,,,,,,,
-0.3018,-2.599,,,,,,,,,,,,,,,,,
-0.3018,-2.5994,,,,,,,,,,,,,,,,,
-0.3018,-2.5992,,,,,,,,,,,,,,,,,
-0.3018,-2.6389,,,,,,,,,,,,,,,,,
-0.3018,-2.6389,,,,,,,,,,,,,,,,,
-0.3018,-2.6389,,,,,,,,,,,,,,,,,
-0.3018,-2.6587,,,,,,,,,,,,,,,,,
-0.3018,-2.6587,,,,,,,,,,,,,,,,,
-0.3018,-2.6786,,,,,,,,,,,,,,,,,
-0.3018,-2.6585,,,,,,,,,,,,,,,,,
-0.3018,-2.6986,,,,,,,,,,,,,,,,,
-0.3018,-2.6786,,,,,,,,,,,,,,,,,
-0.3018,-2.6768,,,,,,,,,,,,,,,,,
-0.3018,-2.6804,,,,,,,,,,,,,,,,,
-0.3018,-2.6587,,,,,,,,,,,,,,,,,
-0.3018,-2.6389,,,,,,,,,,,,,,,,,
-0.3018,-2.6587,,,,,,,,,,,,,,,,,
-0.3018,-2.619,,,,,,,,,,,,,,,,,
-0.3018,-2.619,,,,,,,,,,,,,,,,,
-0.3018,-2.619,,,,,,,,,,,,,,,,,
-0.3018,-2.5992,,,,,,,,,,,,,,,,,
-0.3018,-2.599,,,,,,,,,,,,,,,,,
-0.3018,-2.5796,,,,,,,,,,,,,,,,,
-0.3018,-2.5794,,,,,,,,,,,,,,,,,
-0.3018,-2.5595,,,,,,,,,,,,,,,,,
-0.3018,-2.5397,,,,,,,,,,,,,,,,,
-0.3018,-2.5595,,,,,,,,,,,,,,,,,
-0.3018,-2.5578,,,,,,,,,,,,,,,,,
-0.3018,-2.5612,,,,,,,,,,,,,,,,,
-0.3018,-2.5595,,,,,,,,,,,,,,,,,
-0.3018,-2.5595,,,,,,,,,,,,,,,,,
-0.3018,-2.5794,,,,,,,,,,,,,,,,,
-0.3018,-2.5794,,,,,,,,,,,,,,,,,
-0.3018,-2.5794,,,,,,,,,,,,,,,,,
-0.3018,-2.5992,,,,,,,,,,,,,,,,,
-0.3018,-2.5992,,,,,,,,,,,,,,,,,
-0.3018,-2.599,,,,,,,,,,,,,,,,,
-0.3018,-2.6193,,,,,,,,,,,,,,,,,
-0.3018,-2.6389,,,,,,,,,,,,,,,,,
-0.3018,-2.619,,,,,,,,,,,,,,,,,
-0.3018,-2.6389,,,,,,,,,,,,,,,,,
-0.3018,-2.6389,,,,,,,,,,,,,,,,,
-0.3018,-2.6587,,,,,,,,,,,,,,,,,
-0.3018,-2.6389,,,,,,,,,,,,,,,,,
-0.3018,-2.6389,,,,,,,,,,,,,,,,,
-0.3018,-2.657,,,,,,,,,,,,,,,,,
-0.3018,-2.6406,,,,,,,,,,,,,,,,,
-0.3018,-2.6389,,,,,,,,,,,,,,,,,
-0.3018,-2.6389,,,,,,,,,,,,,,,,,
-0.3018,-2.619,,,,,,,,,,,,,,,,,
-0.3018,-2.619,,,,,,,,,,,,,,,,,
-0.3018,-2.5992,,,,,,,,,,,,,,,,,
-0.3018,-2.5992,,,,,,,,,,,,,,,,,
-0.3018,-2.5992,,,,,,,,,,,,,,,,,
-0.3018,-2.5791,,,,,,,,,,,,,,,,,
-0.3018,-2.5597,,,,,,,,,,,,,,,,,
-0.3018,-2.5794,,,,,,,,,,,,,,,,,
-0.3018,-2.5595,,,,,,,,,,,,,,,,,
-0.3018,-2.5595,,,,,,,,,,,,,,,,,
-0.3018,-2.5595,,,,,,,,,,,,,,,,,
-0.3018,-2.5794,,,,,,,,,,,,,,,,,
-0.3018,-2.5595,,,,,,,,,,,,,,,,,
-0.3018,-2.5595,,,,,,,,,,,,,,,,,
-0.3018,-2.5791,,,,,,,,,,,,,,,,,
-0.3018,-2.5796,,,,,,,,,,,,,,,,,
-0.3018,-2.5992,,,,,,,,,,,,,,,,,
-0.3018,-2.5975,,,,,,,,,,,,,,,,,
-0.3018,-2.6009,,,,,,,,,,,,,,,,,
-0.3018,-2.5992,,,,,,,,,,,,,,,,,
-0.3018,-2.619,,,,,,,,,,,,,,,,,
-0.3018,-2.6389,,,,,,,,,,,,,,,,,
-0.3018,-2.6389,,,,,,,,,,,,,,,,,
-0.3018,-2.6389,,,,,,,,,,,,,,,,,
-0.3018,-2.6389,,,,,,,,,,,,,,,,,
-0.3018,-2.6587,,,,,,,,,,,,,,,,,
-0.3018,-2.6585,,,,,,,,,,,,,,,,,
-0.3018,-2.659,,,,,,,,,,,,,,,,,
-0.3018,-2.6587,,,,,,,,,,,,,,,,,
-0.3018,-2.6587,,,,,,,,,,,,,,,,,
-0.3018,-2.6587,,,,,,,,,,,,,,,,,
-0.3018,-2.6389,,,,,,,,,,,,,,,,,
-0.3018,-2.6389,,,,,,,,,,,,,,,,,
-0.3018,-2.619,,,,,,,,,,,,,,,,,
-0.3018,-2.5992,,,,,,,,,,,,,,,,,
-0.3018,-2.599,,,,,,,,,,,,,,,,,
-0.3018,-2.5994,,,,,,,,,,,,,,,,,
-0.3018,-2.5975,,,,,,,,,,,,,,,,,
-0.3018,-2.5612,,,,,,,,,,,,,,,,,
-0.3018,-2.5595,,,,,,,,,,,,,,,,,
-0.3018,-2.5595,,,,,,,,,,,,,,,,,
-0.3018,-2.5595,,,,,,,,,,,,,,,,,
-0.3018,-2.5397,,,,,,,,,,,,,,,,,
-0.3018,-2.5595,,,,,,,,,,,,,,,,,
-0.3018,-2.5595,,,,,,,,,,,,,,,,,
-0.3018,-2.5595,,,,,,,,,,,,,,,,,
-0.3018,-2.5593,,,,,,,,,,,,,,,,,
-0.3018,-2.5796,,,,,,,,,,,,,,,,,
-0.3018,-2.5794,,,,,,,,,,,,,,,,,
-0.3018,-2.5992,,,,,,,,,,,,,,,,,
-0.3018,-2.5992,,,,,,,,,,,,,,,,,
-0.3018,-2.5992,,,,,,,,,,,,,,,,,
-0.3018,-2.619,,,,,,,,,,,,,,,,,
-0.3018,-2.6389,,,,,,,,,,,,,,,,,
-0.3018,-2.619,,,,,,,,,,,,,,,,,
-0.3018,-2.6585,,,,,,,,,,,,,,,,,
-0.3018,-2.6572,,,,,,,,,,,,,,,,,
-0.3018,-2.6605,,,,,,,,,,,,,,,,,
-0.3018,-2.6587,,,,,,,,,,,,,,,,,
-0.3018,-2.6587,,,,,,,,,,,,,,,,,
-0.3018,-2.6389,,,,,,,,,,,,,,,,,
-0.3018,-2.6587,,,,,,,,,,,,,,,,,
-0.3018,-2.6587,,,,,,,,,,,,,,,,,
-0.3018,-2.6389,,,,,,,,,,,,,,,,,
-0.3018,-2.619,,,,,,,,,,,,,,,,,
-0.3018,-2.6188,,,,,,,,,,,,,,,,,
-0.3018,-2.6193,,,,,,,,,,,,,,,,,
-0.3018,-2.5992,,,,,,,,,,,,,,,,,
-0.3018,-2.5992,,,,,,,,,,,,,,,,,
-0.3018,-2.5794,,,,,,,,,,,,,,,,,
-0.3018,-2.5794,,,,,,,,,,,,,,,,,
-0.3018,-2.5595,,,,,,,,,,,,,,,,,
-0.3018,-2.5794,,,,,,,,,,,,,,,,,
-0.3018,-2.5595,,,,,,,,,,,,,,,,,
-0.3018,-2.5595,,,,,,,,,,,,,,,,,
-0.3018,-2.5791,,,,,,,,,,,,,,,,,
-0.3018,-2.558,,,,,,,,,,,,,,,,,
-0.3018,-2.5612,,,,,,,,,,,,,,,,,
-0.3018,-2.5794,,,,,,,,,,,,,,,,,
-0.3018,-2.5794,,,,,,,,,,,,,,,,,
-0.3018,-2.5794,,,,,,,,,,,,,,,,,
-0.3018,-2.5794,,,,,,,,,,,,,,,,,
-0.3018,-2.5992,,,,,,,,,,,,,,,,,
-0.3018,-2.5992,,,,,,,,,,,,,,,,,
-0.3018,-2.619,,,,,,,,,,,,,,,,,
-0.3018,-2.6188,,,,,,,,,,,,,,,,,
-0.3018,-2.6391,,,,,,,,,,,,,,,,,
-0.3018,-2.6389,,,,,,,,,,,,,,,,,
-0.3018,-2.6587,,,,,,,,,,,,,,,,,
-0.3018,-2.6587,,,,,,,,,,,,,,,,,
-0.3018,-2.6786,,,,,,,,,,,,,,,,,
-0.3018,-2.6786,,,,,,,,,,,,,,,,,
-0.3018,-2.6786,,,,,,,,,,,,,,,,,
-0.3018,-2.6786,,,,,,,,,,,,,,,,,
-0.3018,-2.6982,,,,,,,,,,,,,,,,,
-0.3018,-2.6788,,,,,,,,,,,,,,,,,
-0.3018,-2.6768,,,,,,,,,,,,,,,,,
-0.3018,-2.6605,,,,,,,,,,,,,,,,,
-0.3018,-2.6389,,,,,,,,,,,,,,,,,
-0.3018,-2.6389,,,,,,,,,,,,,,,,,
-0.3018,-2.619,,,,,,,,,,,,,,,,,
-0.3018,-2.619,,,,,,,,,,,,,,,,,
-0.3018,-2.5992,,,,,,,,,,,,,,,,,
-0.3018,-2.5794,,,,,,,,,,,,,,,,,
-0.3018,-2.5794,,,,,,,,,,,,,,,,,
-0.3018,-2.5395,,,,,,,,,,,,,,,,,
-0.3018,-2.5399,,,,,,,,,,,,,,,,,
-0.3018,-2.5397,,,,,,,,,,,,,,,,,
-0.3018,-2.5397,,,,,,,,,,,,,,,,,
-0.3018,-2.5595,,,,,,,,,,,,,,,,,
-0.3018,-2.5397,,,,,,,,,,,,,,,,,
-0.3018,-2.5595,,,,,,,,,,,,,,,,,
-0.3018,-2.5595,,,,,,,,,,,,,,,,,
-0.3018,-2.5794,,,,,,,,,,,,,,,,,
-0.3018,-2.5783,,,,,,,,,,,,,,,,,
-0.3018,-2.58,,,,,,,,,,,,,,,,,
-0.3018,-2.5994,,,,,,,,,,,,,,,,,
-0.3018,-2.5994,,,,,,,,,,,,,,,,,
-0.3018,-2.619,,,,,,,,,,,,,,,,,
-0.3018,-2.619,,,,,,,,,,,,,,,,,
-0.3018,-2.6389,,,,,,,,,,,,,,,,,
-0.3018,-2.6587,,,,,,,,,,,,,,,,,
-0.3018,-2.6587,,,,,,,,,,,,,,,,,
-0.3018,-2.6587,,,,,,,,,,,,,,,,,
-0.3018,-2.6585,,,,,,,,,,,,,,,,,
-0.3018,-2.659,,,,,,,,,,,,,,,,,
-0.3018,-2.6587,,,,,,,,,,,,,,,,,
-0.3018,-2.6587,,,,,,,,,,,,,,,,,
-0.3018,-2.6786,,,,,,,,,,,,,,,,,
-0.3018,-2.6389,,,,,,,,,,,,,,,,,
-0.3018,-2.6389,,,,,,,,,,,,,,,,,
-0.3018,-2.6389,,,,,,,,,,,,,,,,,
-0.3018,-2.619,,,,,,,,,,,,,,,,,
-0.3018,-2.619,,,,,,,,,,,,,,,,,
-0.3018,-2.599,,,,,,,,,,,,,,,,,
-0.3018,-2.5796,,,,,,,,,,,,,,,,,
-0.3018,-2.5794,,,,,,,,,,,,,,,,,
-0.3018,-2.5794,,,,,,,,,,,,,,,,,
-0.3018,-2.5794,,,,,,,,,,,,,,,,,
-0.3018,-2.5595,,,,,,,,,,,,,,,,,
-0.3018,-2.5595,,,,,,,,,,,,,,,,,
-0.3018,-2.5794,,,,,,,,,,,,,,,,,
-0.3018,-2.5595,,,,,,,,,,,,,,,,,
-0.3018,-2.5791,,,,,,,,,,,,,,,,,
-0.3018,-2.5597,,,,,,,,,,,,,,,,,
-0.3018,-2.5794,,,,,,,,,,,,,,,,,
-0.3018,-2.5794,,,,,,,,,,,,,,,,,
-0.3018,-2.5992,,,,,,,,,,,,,,,,,
-0.3018,-2.5992,,,,,,,,,,,,,,,,,
-0.3018,-2.5992,,,,,,,,,,,,,,,,,
-0.3018,-2.619,,,,,,,,,,,,,,,,,
-0.3018,-2.6389,,,,,,,,,,,,,,,,,
-0.3018,-2.6387,,,,,,,,,,,,,,,,,
-0.3018,-2.6391,,,,,,,,,,,,,,,,,
-0.3018,-2.6376,,,,,,,,,,,,,,,,,
-0.3018,-2.6596,,,,,,,,,,,,,,,,,
-0.3018,-2.659,,,,,,,,,,,,,,,,,
-0.3018,-2.659,,,,,,,,,,,,,,,,,
-0.3018,-2.6786,,,,,,,,,,,,,,,,,
-0.3018,-2.6786,,,,,,,,,,,,,,,,,
-0.3018,-2.6587,,,,,,,,,,,,,,,,,
-0.3018,-2.6587,,,,,,,,,,,,,,,,,
-0.3018,-2.619,,,,,,,,,,,,,,,,,
-0.3018,-2.619,,,,,,,,,,,,,,,,,
-0.3018,-2.5988,,,,,,,,,,,,,,,,,
-0.3018,-2.5996,,,,,,,,,,,,,,,,,
-0.3018,-2.5992,,,,,,,,,,,,,,,,,
-0.3018,-2.5595,,,,,,,,,,,,,,,,,
-0.3018,-2.5794,,,,,,,,,,,,,,,,,
-0.3018,-2.5595,,,,,,,,,,,,,,,,,
-0.3018,-2.5397,,,,,,,,,,,,,,,,,
-0.3018,-2.5397,,,,,,,,,,,,,,,,,
-0.3018,-2.5397,,,,,,,,,,,,,,,,,
-0.3018,-2.5585,,,,,,,,,,,,,,,,,
-0.3018,-2.5393,,,,,,,,,,,,,,,,,
-0.3018,-2.5412,,,,,,,,,,,,,,,,,
-0.3018,-2.5595,,,,,,,,,,,,,,,,,
-0.3018,-2.5397,,,,,,,,,,,,,,,,,
-0.3018,-2.5595,,,,,,,,,,,,,,,,,
-0.3018,-2.5595,,,,,,,,,,,,,,,,,
-0.3018,-2.5794,,,,,,,,,,,,,,,,,
-0.3018,-2.5794,,,,,,,,,,,,,,,,,
-0.3018,-2.5992,,,,,,,,,,,,,,,,,
-0.3018,-2.5992,,,,,,,,,,,,,,,,,
-0.3018,-2.599,,,,,,,,,,,,,,,,,
-0.3018,-2.6193,,,,,,,,,,,,,,,,,
-0.3018,-2.6389,,,,,,,,,,,,,,,,,
-0.3018,-2.6389,,,,,,,,,,,,,,,,,
-0.3018,-2.6389,,,,,,,,,,,,,,,,,
-0.3018,-2.6587,,,,,,,,,,,,,,,,,
-0.3018,-2.6389,,,,,,,,,,,,,,,,,
-0.3018,-2.6389,,,,,,,,,,,,,,,,,
-0.3018,-2.6587,,,,,,,,,,,,,,,,,
-0.3018,-2.6378,,,,,,,,,,,,,,,,,
-0.3018,-2.6193,,,,,,,,,,,,,,,,,
-0.3018,-2.6001,,,,,,,,,,,,,,,,,
-0.3018,-2.619,,,,,,,,,,,,,,,,,
-0.3018,-2.5794,,,,,,,,,,,,,,,,,
-0.3018,-2.5794,,,,,,,,,,,,,,,,,
-0.3018,-2.5595,,,,,,,,,,,,,,,,,
-0.3018,-2.5595,,,,,,,,,,,,,,,,,
-0.3018,-2.5595,,,,,,,,,,,,,,,,,
-0.3018,-2.5397,,,,,,,,,,,,,,,,,
-0.3018,-2.5395,,,,,,,,,,,,,,,,,
-0.3018,-2.5399,,,,,,,,,,,,,,,,,
-0.3018,-2.5198,,,,,,,,,,,,,,,,,
-0.3018,-2.5397,,,,,,,,,,,,,,,,,
-0.3018,-2.5397,,,,,,,,,,,,,,,,,
-0.3018,-2.5397,,,,,,,,,,,,,,,,,
-0.3018,-2.5397,,,,,,,,,,,,,,,,,
-0.3018,-2.5397,,,,,,,,,,,,,,,,,
-0.3018,-2.5397,,,,,,,,,,,,,,,,,
-0.3018,-2.5783,,,,,,,,,,,,,,,,,
-0.3018,-2.5796,,,,,,,,,,,,,,,,,
-0.3018,-2.5604,,,,,,,,,,,,,,,,,
-0.3018,-2.5794,,,,,,,,,,,,,,,,,
-0.3018,-2.5992,,,,,,,,,,,,,,,,,
-0.3018,-2.5992,,,,,,,,,,,,,,,,,
-0.3018,-2.619,,,,,,,,,,,,,,,,,
-0.3018,-2.619,,,,,,,,,,,,,,,,,
-0.3018,-2.619,,,,,,,,,,,,,,,,,
-0.3018,-2.6389,,,,,,,,,,,,,,,,,
-0.3018,-2.619,,,,,,,,,,,,,,,,,
-0.3018,-2.6556,,,,,,,,,,,,,,,,,
-0.3018,-2.6221,,,,,,,,,,,,,,,,,
-0.3018,-2.6389,,,,,,,,,,,,,,,,,
-0.3018,-2.619,,,,,,,,,,,,,,,,,
-0.3018,-2.6389,,,,,,,,,,,,,,,,,
-0.3018,-2.5992,,,,,,,,,,,,,,,,,
-0.3018,-2.619,,,,,,,,,,,,,,,,,
-0.3018,-2.5992,,,,,,,,,,,,,,,,,
-0.3018,-2.5781,,,,,,,,,,,,,,,,,
-0.3018,-2.58,,,,,,,,,,,,,,,,,
-0.3018,-2.5602,,,,,,,,,,,,,,,,,
-0.3018,-2.5595,,,,,,,,,,,,,,,,,
-0.3018,-2.5397,,,,,,,,,,,,,,,,,
-0.3018,-2.5397,,,,,,,,,,,,,,,,,
-0.3018,-2.5198,,,,,,,,,,,,,,,,,
-0.3018,-2.5198,,,,,,,,,,,,,,,,,
-0.3018,-2.5,,,,,,,,,,,,,,,,,
-0.3018,-2.4998,,,,,,,,,,,,,,,,,
-0.3018,-2.5201,,,,,,,,,,,,,,,,,
-0.3018,-2.5198,,,,,,,,,,,,,,,,,
-0.3018,-2.5,,,,,,,,,,,,,,,,,
-0.3018,-2.5198,,,,,,,,,,,,,,,,,
-0.3018,-2.5198,,,,,,,,,,,,,,,,,
-0.3018,-2.5397,,,,,,,,,,,,,,,,,
-0.3018,-2.5397,,,,,,,,,,,,,,,,,
-0.3018,-2.5794,,,,,,,,,,,,,,,,,
-0.3018,-2.5593,,,,,,,,,,,,,,,,,
-0.3018,-2.5994,,,,,,,,,,,,,,,,,
-0.3018,-2.5992,,,,,,,,,,,,,,,,,
-0.3018,-2.5992,,,,,,,,,,,,,,,,,
-0.3018,-2.619,,,,,,,,,,,,,,,,,
-0.3018,-2.6389,,,,,,,,,,,,,,,,,
-0.3018,-2.6389,,,,,,,,,,,,,,,,,
-0.3018,-2.6389,,,,,,,,,,,,,,,,,
-0.3018,-2.6389,,,,,,,,,,,,,,,,,
-0.3018,-2.6188,,,,,,,,,,,,,,,,,
-0.3018,-2.6391,,,,,,,,,,,,,,,,,
-0.3018,-2.619,,,,,,,,,,,,,,,,,
-0.3018,-2.5992,,,,,,,,,,,,,,,,,
-0.3018,-2.5992,,,,,,,,,,,,,,,,,
-0.3018,-2.5794,,,,,,,,,,,,,,,,,
-0.3018,-2.558,,,,,,,,,,,,,,,,,
0.3018,-2.5604,,,,,,,,,,,,,,,,,
0.3018,-2.5798,,,,,,,,,,,,,,,,,
0.3018,-2.6193,,,,,,,,,,,,,,,,,
0.3018,-2.6587,,,,,,,,,,,,,,,,,
0.3018,-2.6786,,,,,,,,,,,,,,,,,
0.3018,-2.6786,,,,,,,,,,,,,,,,,
0.3018,-2.6984,,,,,,,,,,,,,,,,,
0.3018,-2.7183,,,,,,,,,,,,,,,,,
0.3018,-2.7381,,,,,,,,,,,,,,,,,
0.3018,-2.7577,,,,,,,,,,,,,,,,,
0.3018,-2.7582,,,,,,,,,,,,,,,,,
0.3018,-2.7976,,,,,,,,,,,,,,,,,
0.3018,-2.7976,,,,,,,,,,,,,,,,,
0.3018,-2.8175,,,,,,,,,,,,,,,,,
0.3018,-2.8373,,,,,,,,,,,,,,,,,
0.3018,-2.8571,,,,,,,,,,,,,,,,,
0.3018,-2.8373,,,,,,,,,,,,,,,,,
0.3018,-2.8571,,,,,,,,,,,,,,,,,
0.3018,-2.8758,,,,,,,,,,,,,,,,,
0.3018,-2.8567,,,,,,,,,,,,,,,,,
0.3018,-2.8588,,,,,,,,,,,,,,,,,
0.3018,-2.8968,,,,,,,,,,,,,,,,,
0.3018,-2.8571,,,,,,,,,,,,,,,,,
0.3018,-2.877,,,,,,,,,,,,,,,,,
0.3018,-2.877,,,,,,,,,,,,,,,,,
0.3018,-2.8373,,,,,,,,,,,,,,,,,
0.3018,-2.8571,,,,,,,,,,,,,,,,,
0.3018,-2.8373,,,,,,,,,,,,,,,,,
0.3018,-2.8175,,,,,,,,,,,,,,,,,
0.3018,-2.8371,,,,,,,,,,,,,,,,,
0.3018,-2.8177,,,,,,,,,,,,,,,,,
0.3018,-2.8373,,,,,,,,,,,,,,,,,
0.3018,-2.8175,,,,,,,,,,,,,,,,,
0.3018,-2.7976,,,,,,,,,,,,,,,,,
0.3018,-2.7976,,,,,,,,,,,,,,,,,
0.3018,-2.7778,,,,,,,,,,,,,,,,,
0.3018,-2.7976,,,,,,,,,,,,,,,,,
0.3018,-2.7976,,,,,,,,,,,,,,,,,
0.3018,-2.7965,,,,,,,,,,,,,,,,,
0.3018,-2.7979,,,,,,,,,,,,,,,,,
0.3018,-2.7986,,,,,,,,,,,,,,,,,
0.3018,-2.8373,,,,,,,,,,,,,,,,,
0.3018,-2.8175,,,,,,,,,,,,,,,,,
0.3018,-2.8571,,,,,,,,,,,,,,,,,
0.3018,-2.8373,,,,,,,,,,,,,,,,,
0.3018,-2.8571,,,,,,,,,,,,,,,,,
0.3018,-2.8571,,,,,,,,,,,,,,,,,
0.3018,-2.877,,,,,,,,,,,,,,,,,
0.3018,-2.8569,,,,,,,,,,,,,,,,,
0.3018,-2.8971,,,,,,,,,,,,,,,,,
0.3018,-2.8571,,,,,,,,,,,,,,,,,
0.3018,-2.8968,,,,,,,,,,,,,,,,,
0.3018,-2.8571,,,,,,,,,,,,,,,,,
0.3018,-2.8571,,,,,,,,,,,,,,,,,
0.3018,-2.8571,,,,,,,,,,,,,,,,,
0.3018,-2.8571,,,,,,,,,,,,,,,,,
0.3018,-2.8373,,,,,,,,,,,,,,,,,
0.3018,-2.8373,,,,,,,,,,,,,,,,,
0.3018,-2.8354,,,,,,,,,,,,,,,,,
0.3018,-2.8193,,,,,,,,,,,,,,,,,
0.3018,-2.8175,,,,,,,,,,,,,,,,,
0.3018,-2.8175,,,,,,,,,,,,,,,,,
0.3018,-2.8175,,,,,,,,,,,,,,,,,
0.3018,-2.7976,,,,,,,,,,,,,,,,,
0.3018,-2.8175,,,,,,,,,,,,,,,,,
0.3018,-2.7976,,,,,,,,,,,,,,,,,
0.3018,-2.7976,,,,,,,,,,,,,,,,,
0.3018,-2.8172,,,,,,,,,,,,,,,,,
0.3018,-2.8177,,,,,,,,,,,,,,,,,
0.3018,-2.8175,,,,,,,,,,,,,,,,,
0.3018,-2.8175,,,,,,,,,,,,,,,,,
0.3018,-2.8373,,,,,,,,,,,,,,,,,
0.3018,-2.8373,,,,,,,,,,,,,,,,,
0.3018,-2.8571,,,,,,,,,,,,,,,,,
0.3018,-2.8373,,,,,,,,,,,,,,,,,
0.3018,-2.8571,,,,,,,,,,,,,,,,,
0.3018,-2.8571,,,,,,,,,,,,,,,,,
0.3018,-2.8751,,,,,,,,,,,,,,,,,
0.3018,-2.859,,,,,,,,,,,,,,,,,
0.3018,-2.8571,,,,,,,,,,,,,,,,,
0.3018,-2.8571,,,,,,,,,,,,,,,,,
0.3018,-2.8571,,,,,,,,,,,,,,,,,
0.3018,-2.8571,,,,,,,,,,,,,,,,,
0.3018,-2.8571,,,,,,,,,,,,,,,,,
0.3018,-2.8571,,,,,,,,,,,,,,,,,
0.3018,-2.8373,,,,,,,,,,,,,,,,,
0.3018,-2.8571,,,,,,,,,,,,,,,,,
0.3018,-2.8371,,,,,,,,,,,,,,,,,
0.3018,-2.8375,,,,,,,,,,,,,,,,,
0.3018,-2.8373,,,,,,,,,,,,,,,,,
0.3018,-2.8175,,,,,,,,,,,,,,,,,
0.3018,-2.8373,,,,,,,,,,,,,,,,,
0.3018,-2.7976,,,,,,,,,,,,,,,,,
0.3018,-2.7976,,,,,,,,,,,,,,,,,
0.3018,-2.7976,,,,,,,,,,,,,,,,,
0.3018,-2.7778,,,,,,,,,,,,,,,,,
0.3018,-2.7965,,,,,,,,,,,,,,,,,
0.3018,-2.7782,,,,,,,,,,,,,,,,,
0.3018,-2.7785,,,,,,,,,,,,,,,,,
0.3018,-2.7976,,,,,,,,,,,,,,,,,
0.3018,-2.8175,,,,,,,,,,,,,,,,,
0.3018,-2.8175,,,,,,,,,,,,,,,,,
0.3018,-2.8175,,,,,,,,,,,,,,,,,
0.3018,-2.8175,,,,,,,,,,,,,,,,,
0.3018,-2.8373,,,,,,,,,,,,,,,,,
0.3018,-2.8172,,,,,,,,,,,,,,,,,
0.3018,-2.8574,,,,,,,,,,,,,,,,,
0.3018,-2.8373,,,,,,,,,,,,,,,,,
0.3018,-2.8571,,,,,,,,,,,,,,,,,
0.3018,-2.8571,,,,,,,,,,,,,,,,,
0.3018,-2.8571,,,,,,,,,,,,,,,,,
0.3018,-2.8571,,,,,,,,,,,,,,,,,
0.3018,-2.8571,,,,,,,,,,,,,,,,,
0.3018,-2.8751,,,,,,,,,,,,,,,,,
0.3018,-2.8392,,,,,,,,,,,,,,,,,
0.3018,-2.8175,,,,,,,,,,,,,,,,,
0.3018,-2.8571,,,,,,,,,,,,,,,,,
0.3018,-2.8373,,,,,,,,,,,,,,,,,
0.3018,-2.8373,,,,,,,,,,,,,,,,,
0.3018,-2.8373,,,,,,,,,,,,,,,,,
0.3018,-2.8175,,,,,,,,,,,,,,,,,
0.3018,-2.8175,,,,,,,,,,,,,,,,,
0.3018,-2.8172,,,,,,,,,,,,,,,,,
0.3018,-2.8177,,,,,,,,,,,,,,,,,
0.3018,-2.8175,,,,,,,,,,,,,,,,,
0.3018,-2.8175,,,,,,,,,,,,,,,,,
0.3018,-2.8175,,,,,,,,,,,,,,,,,
0.3018,-2.8175,,,,,,,,,,,,,,,,,
0.3018,-2.8373,,,,,,,,,,,,,,,,,
0.3018,-2.8175,,,,,,,,,,,,,,,,,
0.3018,-2.8175,,,,,,,,,,,,,,,,,
0.3018,-2.8373,,,,,,,,,,,,,,,,,
0.3018,-2.8552,,,,,,,,,,,,,,,,,
0.3018,-2.8193,,,,,,,,,,,,,,,,,
0.3018,-2.8571,,,,,,,,,,,,,,,,,
0.3018,-2.8373,,,,,,,,,,,,,,,,,
0.3018,-2.8373,,,,,,,,,,,,,,,,,
0.3018,-2.8571,,,,,,,,,,,,,,,,,
0.3018,-2.8571,,,,,,,,,,,,,,,,,
0.3018,-2.8571,,,,,,,,,,,,,,,,,
0.3018,-2.8571,,,,,,,,,,,,,,,,,
0.3018,-2.8571,,,,,,,,,,,,,,,,,
0.3018,-2.8767,,,,,,,,,,,,,,,,,
0.3018,-2.8574,,,,,,,,,,,,,,,,,
0.3018,-2.8571,,,,,,,,,,,,,,,,,
0.3018,-2.8571,,,,,,,,,,,,,,,,,
0.3018,-2.8373,,,,,,,,,,,,,,,,,
0.3018,-2.8373,,,,,,,,,,,,,,,,,
0.3018,-2.8373,,,,,,,,,,,,,,,,,
0.3018,-2.8255,,,,,,,,,,,,,,,,,
0.3018,-2.8089,,,,,,,,,,,,,,,,,
0.3018,-2.8177,,,,,,,,,,,,,,,,,
0.3018,-2.8177,,,,,,,,,,,,,,,,,
0.3018,-2.8175,,,,,,,,,,,,,,,,,
0.3018,-2.7976,,,,,,,,,,,,,,,,,
0.3018,-2.8175,,,,,,,,,,,,,,,,,
0.3018,-2.8175,,,,,,,,,,,,,,,,,
0.3018,-2.7976,,,,,,,,,,,,,,,,,
0.3018,-2.8175,,,,,,,,,,,,,,,,,
0.3018,-2.8172,,,,,,,,,,,,,,,,,
0.3018,-2.8177,,,,,,,,,,,,,,,,,
0.3018,-2.8373,,,,,,,,,,,,,,,,,
0.3018,-2.8373,,,,,,,,,,,,,,,,,
0.3018,-2.8373,,,,,,,,,,,,,,,,,
0.3018,-2.8373,,,,,,,,,,,,,,,,,
0.3018,-2.8571,,,,,,,,,,,,,,,,,
0.3018,-2.8571,,,,,,,,,,,,,,,,,
0.3018,-2.877,,,,,,,,,,,,,,,,,
0.3018,-2.8767,,,,,,,,,,,,,,,,,
0.3018,-2.8971,,,,,,,,,,,,,,,,,
0.3018,-2.8968,,,,,,,,,,,,,,,,,
0.3018,-2.8968,,,,,,,,,,,,,,,,,
0.3018,-2.8968,,,,,,,,,,,,,,,,,
0.3018,-2.8968,,,,,,,,,,,,,,,,,
0.3018,-2.8942,,,,,,,,,,,,,,,,,
0.3018,-2.8791,,,,,,,,,,,,,,,,,
0.3018,-2.8574,,,,,,,,,,,,,,,,,
0.3018,-2.8574,,,,,,,,,,,,,,,,,
0.3018,-2.8571,,,,,,,,,,,,,,,,,
0.3018,-2.8373,,,,,,,,,,,,,,,,,
0.3018,-2.8373,,,,,,,,,,,,,,,,,
0.3018,-2.8373,,,,,,,,,,,,,,,,,
0.3018,-2.8175,,,,,,,,,,,,,,,,,
0.3018,-2.8175,,,,,,,,,,,,,,,,,
0.3018,-2.7972,,,,,,,,,,,,,,,,,
0.3018,-2.8179,,,,,,,,,,,,,,,,,
0.3018,-2.8175,,,,,,,,,,,,,,,,,
0.3018,-2.8175,,,,,,,,,,,,,,,,,
0.3018,-2.8175,,,,,,,,,,,,,,,,,
0.3018,-2.8373,,,,,,,,,,,,,,,,,
0.3018,-2.8175,,,,,,,,,,,,,,,,,
0.3018,-2.8571,,,,,,,,,,,,,,,,,
0.3018,-2.8373,,,,,,,,,,,,,,,,,
0.3018,-2.8767,,,,,,,,,,,,,,,,,
0.3018,-2.8574,,,,,,,,,,,,,,,,,
0.3018,-2.877,,,,,,,,,,,,,,,,,
0.3018,-2.877,,,,,,,,,,,,,,,,,
0.3018,-2.8968,,,,,,,,,,,,,,,,,
0.3018,-2.9167,,,,,,,,,,,,,,,,,
0.3018,-2.9167,,,,,,,,,,,,,,,,,
0.3018,-2.8968,,,,,,,,,,,,,,,,,
0.3018,-2.9365,,,,,,,,,,,,,,,,,
-0.3018,-2.9346,,,,,,,,,,,,,,,,,
-0.3018,-2.8988,,,,,,,,,,,,,,,,,
-0.3018,-2.8571,,,,,,,,,,,,,,,,,
-0.3018,-2.8175,,,,,,,,,,,,,,,,,
-0.3018,-2.7976,,,,,,,,,,,,,,,,,
-0.3018,-2.7579,,,,,,,,,,,,,,,,,
-0.3018,-2.7381,,,,,,,,,,,,,,,,,
-0.3018,-2.7183,,,,,,,,,,,,,,,,,
-0.3018,-2.6984,,,,,,,,,,,,,,,,,
-0.3018,-2.6585,,,,,,,,,,,,,,,,,
-0.3018,-2.6391,,,,,,,,,,,,,,,,,
-0.3018,-2.619,,,,,,,,,,,,,,,,,
-0.3018,-2.619,,,,,,,,,,,,,,,,,
-0.3018,-2.5794,,,,,,,,,,,,,,,,,
-0.3018,-2.5794,,,,,,,,,,,,,,,,,
-0.3018,-2.5595,,,,,,,,,,,,,,,,,
-0.3018,-2.5595,,,,,,,,,,,,,,,,,
-0.3018,-2.5595,,,,,,,,,,,,,,,,,
-0.3018,-2.5593,,,,,,,,,,,,,,,,,
-0.3018,-2.5597,,,,,,,,,,,,,,,,,
-0.3018,-2.5794,,,,,,,,,,,,,,,,,
-0.3018,-2.5595,,,,,,,,,,,,,,,,,
-0.3018,-2.5972,,,,,,,,,,,,,,,,,
-0.3018,-2.5808,,,,,,,,,,,,,,,,,
-0.3018,-2.5796,,,,,,,,,,,,,,,,,
-0.3018,-2.5994,,,,,,,,,,,,,,,,,
-0.3018,-2.619,,,,,,,,,,,,,,,,,
-0.3018,-2.619,,,,,,,,,,,,,,,,,
-0.3018,-2.6389,,,,,,,,,,,,,,,,,
-0.3018,-2.6587,,,,,,,,,,,,,,,,,
-0.3018,-2.6587,,,,,,,,,,,,,,,,,
-0.3018,-2.6786,,,,,,,,,,,,,,,,,
-0.3018,-2.6585,,,,,,,,,,,,,,,,,
-0.3018,-2.6788,,,,,,,,,,,,,,,,,
-0.3018,-2.6786,,,,,,,,,,,,,,,,,
-0.3018,-2.6587,,,,,,,,,,,,,,,,,
-0.3018,-2.6389,,,,,,,,,,,,,,,,,
-0.3018,-2.6389,,,,,,,,,,,,,,,,,
-0.3018,-2.5992,,,,,,,,,,,,,,,,,
-0.3018,-2.5992,,,,,,,,,,,,,,,,,
-0.3018,-2.5794,,,,,,,,,,,,,,,,,
-0.3018,-2.5395,,,,,,,,,,,,,,,,,
-0.3018,-2.5399,,,,,,,,,,,,,,,,,
-0.3018,-2.5198,,,,,,,,,,,,,,,,,
-0.3018,-2.5198,,,,,,,,,,,,,,,,,
-0.3018,-2.5,,,,,,,,,,,,,,,,,
-0.3018,-2.5,,,,,,,,,,,,,,,,,
-0.3018,-2.5198,,,,,,,,,,,,,,,,,
-0.3018,-2.5,,,,,,,,,,,,,,,,,
-0.3018,-2.5198,,,,,,,,,,,,,,,,,
-0.3018,-2.5,,,,,,,,,,,,,,,,,
-0.3018,-2.538,,,,,,,,,,,,,,,,,
-0.3018,-2.5215,,,,,,,,,,,,,,,,,
-0.3018,-2.5198,,,,,,,,,,,,,,,,,
-0.3018,-2.5397,,,,,,,,,,,,,,,,,
-0.3018,-2.5397,,,,,,,,,,,,,,,,,
-0.3018,-2.5794,,,,,,,,,,,,,,,,,
-0.3018,-2.5595,,,,,,,,,,,,,,,,,
-0.3018,-2.5794,,,,,,,,,,,,,,,,,
-0.3018,-2.5794,,,,,,,,,,,,,,,,,
-0.3018,-2.599,,,,,,,,,,,,,,,,,
-0.3018,-2.5994,,,,,,,,,,,,,,,,,
-0.3018,-2.619,,,,,,,,,,,,,,,,,
-0.3018,-2.6389,,,,,,,,,,,,,,,,,
-0.3018,-2.619,,,,,,,,,,,,,,,,,
-0.3018,-2.6587,,,,,,,,,,,,,,,,,
-0.3018,-2.619,,,,,,,,,,,,,,,,,
-0.3018,-2.6389,,,,,,,,,,,,,,,,,
-0.3018,-2.6389,,,,,,,,,,,,,,,,,
-0.3018,-2.619,,,,,,,,,,,,,,,,,
-0.3018,-2.6188,,,,,,,,,,,,,,,,,
-0.3018,-2.5994,,,,,,,,,,,,,,,,,
-0.3018,-2.5794,,,,,,,,,,,,,,,,,
-0.3018,-2.5794,,,,,,,,,,,,,,,,,
-0.3018,-2.5595,,,,,,,,,,,,,,,,,
-0.3018,-2.5397,,,,,,,,,,,,,,,,,
-0.3018,-2.5397,,,,,,,,,,,,,,,,,
-0.3018,-2.5198,,,,,,,,,,,,,,,,,
-0.3018,-2.5198,,,,,,,,,,,,,,,,,
-0.3018,-2.4998,,,,,,,,,,,,,,,,,
-0.3018,-2.5201,,,,,,,,,,,,,,,,,
-0.3018,-2.5,,,,,,,,,,,,,,,,,
-0.3018,-2.5,,,,,,,,,,,,,,,,,
-0.3018,-2.5198,,,,,,,,,,,,,,,,,
-0.3018,-2.5,,,,,,,,,,,,,,,,,
-0.3018,-2.5198,,,,,,,,,,,,,,,,,
-0.3018,-2.5198,,,,,,,,,,,,,,,,,
-0.3018,-2.5397,,,,,,,,,,,,,,,,,
-0.3018,-2.5395,,,,,,,,,,,,,,,,,
-0.3018,-2.5399,,,,,,,,,,,,,,,,,
-0.3018,-2.5794,,,,,,,,,,,,,,,,,
-0.3018,-2.5595,,,,,,,,,,,,,,,,,
-0.3018,-2.5992,,,,,,,,,,,,,,,,,
0.3018,0,,,,,,,,,,,,,,,,,
0.3018,-0.0596,,,,,,,,,,,,,,,,,
0.3018,-0.0794,,,,,,,,,,,,,,,,,
0.3018,-0.1389,,,,,,,,,,,,,,,,,
0.3018,-0.1786,,,,,,,,,,,,,,,,,
0.3018,-0.2381,,,,,,,,,,,,,,,,,
0.3018,-0.2976,,,,,,,,,,,,,,,,,
0.3018,-0.3571,,,,,,,,,,,,,,,,,
0.3018,-0.4167,,,,,,,,,,,,,,,,,
0.3018,-0.496,,,,,,,,,,,,,,,,,
0.3018,-0.5556,,,,,,,,,,,,,,,,,
0.3018,-0.6151,,,,,,,,,,,,,,,,,
0.3018,-0.6944,,,,,,,,,,,,,,,,,
0.3018,-0.754,,,,,,,,,,,,,,,,,
0.3018,-0.8333,,,,,,,,,,,,,,,,,
0.3018,-0.9127,,,,,,,,,,,,,,,,,
0.3018,-0.9722,,,,,,,,,,,,,,,,,
0.3018,-1.0714,,,,,,,,,,,,,,,,,
0.3018,-1.1507,,,,,,,,,,,,,,,,,
0.3018,-1.2104,,,,,,,,,,,,,,,,,
0.3018,-1.3095,,,,,,,,,,,,,,,,,
0.3018,-1.3878,,,,,,,,,,,,,,,,,
0.3018,-1.4892,,,,,,,,,,,,,,,,,
0.3018,-1.5476,,,,,,,,,,,,,,,,,
0.3018,-1.6667,,,,,,,,,,,,,,,,,
0.3018,-1.746,,,,,,,,,,,,,,,,,
0.3018,-1.8452,,,,,,,,,,,,,,,,,
0.3018,-1.9643,,,,,,,,,,,,,,,,,
0.3018,-2.0437,,,,,,,,,,,,,,,,,
0.3018,-2.1429,,,,,,,,,,,,,,,,,
0.3018,-2.2419,,,,,,,,,,,,,,,,,
0.3018,-2.3415,,,,,,,,,,,,,,,,,
0.3018,-2.4405,,,,,,,,,,,,,,,,,
0.3018,-2.5198,,,,,,,,,,,,,,,,,
0.3018,-2.5794,,,,,,,,,,,,,,,,,
0.3018,-2.6587,,,,,,,,,,,,,,,,,
0.3018,-2.6984,,,,,,,,,,,,,,,,,
0.3018,-2.7579,,,,,,,,,,,,,,,,,
0.3018,-2.7976,,,,,,,,,,,,,,,,,
0.3018,-2.8571,,,,,,,,,,,,,,,,,
0.3018,-2.8767,,,,,,,,,,,,,,,,,
0.3018,-2.9169,,,,,,,,,,,,,,,,,
0.3018,-2.9167,,,,,,,,,,,,,,,,,
0.3018,-2.9365,,,,,,,,,,,,,,,,,
0.3018,-2.9742,,,,,,,,,,,,,,,,,
0.3018,-2.9583,,,,,,,,,,,,,,,,,
0.3018,-2.9762,,,,,,,,,,,,,,,,,
0.3018,-2.996,,,,,,,,,,,,,,,,,
0.3018,-2.9762,,,,,,,,,,,,,,,,,
0.3018,-2.9563,,,,,,,,,,,,,,,,,
0.3018,-2.9563,,,,,,,,,,,,,,,,,
0.3018,-2.9563,,,,,,,,,,,,,,,,,
0.3018,-2.9365,,,,,,,,,,,,,,,,,
0.3018,-2.9363,,,,,,,,,,,,,,,,,
0.3018,-2.9348,,,,,,,,,,,,,,,,,
0.3018,-2.8978,,,,,,,,,,,,,,,,,
0.3018,-2.8978,,,,,,,,,,,,,,,,,
0.3018,-2.8968,,,,,,,,,,,,,,,,,
0.3018,-2.8966,,,,,,,,,,,,,,,,,
0.3018,-2.8971,,,,,,,,,,,,,,,,,
0.3018,-2.8968,,,,,,,,,,,,,,,,,
0.3018,-2.8968,,,,,,,,,,,,,,,,,
0.3018,-2.9127,,,,,,,,,,,,,,,,,
0.3018,-2.9202,,,,,,,,,,,,,,,,,
0.3018,-2.9172,,,,,,,,,,,,,,,,,
0.3018,-2.9169,,,,,,,,,,,,,,,,,
0.3018,-2.9365,,,,,,,,,,,,,,,,,
0.3018,-2.9563,,,,,,,,,,,,,,,,,
0.3018,-2.9563,,,,,,,,,,,,,,,,,
0.3018,-2.9762,,,,,,,,,,,,,,,,,
0.3018,-2.9762,,,,,,,,,,,,,,,,,
0.3018,-2.996,,,,,,,,,,,,,,,,,
0.3018,-2.9958,,,,,,,,,,,,,,,,,
0.3018,-2.9963,,,,,,,,,,,,,,,,,
0.3018,-2.996,,,,,,,,,,,,,,,,,
0.3018,-3.0159,,,,,,,,,,,,,,,,,
0.3018,-3.0159,,,,,,,,,,,,,,,,,
0.3018,-2.996,,,,,,,,,,,,,,,,,
0.3018,-3.0159,,,,,,,,,,,,,,,,,
0.3018,-2.9762,,,,,,,,,,,,,,,,,
0.3018,-2.9762,,,,,,,,,,,,,,,,,
0.3018,-2.9762,,,,,,,,,,,,,,,,,
0.3018,-2.9421,,,,,,,,,,,,,,,,,
0.3018,-2.9506,,,,,,,,,,,,,,,,,
0.3018,-2.9368,,,,,,,,,,,,,,,,,
0.3018,-2.9169,,,,,,,,,,,,,,,,,
0.3018,-2.9365,,,,,,,,,,,,,,,,,
0.3018,-2.9167,,,,,,,,,,,,,,,,,
0.3018,-2.9365,,,,,,,,,,,,,,,,,
0.3018,-2.9167,,,,,,,,,,,,,,,,,
0.3018,-2.9365,,,,,,,,,,,,,,,,,
0.3018,-2.9167,,,,,,,,,,,,,,,,,
0.3018,-2.9363,,,,,,,,,,,,,,,,,
0.3018,-2.9566,,,,,,,,,,,,,,,,,
0.3018,-2.9365,,,,,,,,,,,,,,,,,
0.3018,-2.9563,,,,,,,,,,,,,,,,,
0.3018,-2.9762,,,,,,,,,,,,,,,,,
0.3018,-2.9762,,,,,,,,,,,,,,,,,
0.3018,-2.996,,,,,,,,,,,,,,,,,
0.3018,-2.996,,,,,,,,,,,,,,,,,
0.3018,-2.996,,,,,,,,,,,,,,,,,
0.3018,-3.0156,,,,,,,,,,,,,,,,,
0.3018,-3.036,,,,,,,,,,,,,,,,,
0.3018,-2.996,,,,,,,,,,,,,,,,,
0.3018,-3.0337,,,,,,,,,,,,,,,,,
0.3018,-3.0179,,,,,,,,,,,,,,,,,
0.3018,-2.996,,,,,,,,,,,,,,,,,
0.3018,-2.996,,,,,,,,,,,,,,,,,
0.3018,-2.996,,,,,,,,,,,,,,,,,
0.3018,-2.9563,,,,,,,,,,,,,,,,,
0.3018,-2.9762,,,,,,,,,,,,,,,,,
0.3018,-2.9563,,,,,,,,,,,,,,,,,
0.3018,-2.9365,,,,,,,,,,,,,,,,,
0.3018,-2.9561,,,,,,,,,,,,,,,,,
0.3018,-2.9368,,,,,,,,,,,,,,,,,
0.3018,-2.9365,,,,,,,,,,,,,,,,,
0.3018,-2.9365,,,,,,,,,,,,,,,,,
0.3018,-2.9365,,,,,,,,,,,,,,,,,
0.3018,-2.9167,,,,,,,,,,,,,,,,,
0.3018,-2.9167,,,,,,,,,,,,,,,,,
0.3018,-2.9346,,,,,,,,,,,,,,,,,
0.3018,-2.9186,,,,,,,,,,,,,,,,,
0.3018,-2.9167,,,,,,,,,,,,,,,,,
0.3018,-2.8968,,,,,,,,,,,,,,,,,
0.3018,-2.9365,,,,,,,,,,,,,,,,,
0.3018,-2.9167,,,,,,,,,,,,,,,,,
0.3018,-2.9167,,,,,,,,,,,,,,,,,
0.3018,-2.9365,,,,,,,,,,,,,,,,,
0.3018,-2.9365,,,,,,,,,,,,,,,,,
0.3018,-2.9363,,,,,,,,,,,,,,,,,
0.3018,-2.9368,,,,,,,,,,,,,,,,,
0.3018,-2.9563,,,,,,,,,,,,,,,,,
0.3018,-2.9563,,,,,,,,,,,,,,,,,
0.3018,-2.9365,,,,,,,,,,,,,,,,,
0.3018,-2.9563,,,,,,,,,,,,,,,,,
0.3018,-2.9365,,,,,,,,,,,,,,,,,
0.3018,-2.9167,,,,,,,,,,,,,,,,,
0.3018,-2.9167,,,,,,,,,,,,,,,,,
0.3018,-2.8966,,,,,,,,,,,,,,,,,
0.3018,-2.8951,,,,,,,,,,,,,,,,,
0.3018,-2.8789,,,,,,,,,,,,,,,,,
0.3018,-2.8571,,,,,,,,,,,,,,,,,
0.3018,-2.8571,,,,,,,,,,,,,,,,,
0.3018,-2.8373,,,,,,,,,,,,,,,,,
0.3018,-2.8373,,,,,,,,,,,,,,,,,
0.3018,-2.8373,,,,,,,,,,,,,,,,,
0.3018,-2.8373,,,,,,,,,,,,,,,,,
0.3018,-2.8175,,,,,,,,,,,,,,,,,
0.3018,-2.8172,,,,,,,,,,,,,,,,,
0.3018,-2.8177,,,,,,,,,,,,,,,,,
0.3018,-2.8373,,,,,,,,,,,,,,,,,
0.3018,-2.8373,,,,,,,,,,,,,,,,,
0.3018,-2.8373,,,,,,,,,,,,,,,,,
0.3018,-2.877,,,,,,,,,,,,,,,,,
0.3018,-2.877,,,,,,,,,,,,,,,,,
0.3018,-2.8968,,,,,,,,,,,,,,,,,
0.3018,-2.9167,,,,,,,,,,,,,,,,,
0.3018,-2.9365,,,,,,,,,,,,,,,,,
0.3018,-2.9759,,,,,,,,,,,,,,,,,
0.3018,-2.9368,,,,,,,,,,,,,,,,,
0.3018,-2.9762,,,,,,,,,,,,,,,,,
0.3018,-2.994,,,,,,,,,,,,,,,,,
0.3018,-2.9782,,,,,,,,,,,,,,,,,
0.3018,-2.996,,,,,,,,,,,,,,,,,
0.3018,-2.996,,,,,,,,,,,,,,,,,
0.3018,-2.9762,,,,,,,,,,,,,,,,,
0.3018,-2.9762,,,,,,,,,,,,,,,,,
0.3018,-2.9563,,,,,,,,,,,,,,,,,
0.3018,-2.9167,,,,,,,,,,,,,,,,,
0.3018,-2.9365,,,,,,,,,,,,,,,,,
0.3018,-2.9164,,,,,,,,,,,,,,,,,
0.3018,-2.8971,,,,,,,,,,,,,,,,,
0.3018,-2.8968,,,,,,,,,,,,,,,,,
0.3018,-2.8968,,,,,,,,,,,,,,,,,
0.3018,-2.877,,,,,,,,,,,,,,,,,
0.3018,-2.877,,,,,,,,,,,,,,,,,
0.3018,-2.8571,,,,,,,,,,,,,,,,,
0.3018,-2.877,,,,,,,,,,,,,,,,,
0.3018,-2.877,,,,,,,,,,,,,,,,,
0.3018,-2.8949,,,,,,,,,,,,,,,,,
0.3018,-2.859,,,,,,,,,,,,,,,,,
0.3018,-2.8968,,,,,,,,,,,,,,,,,
0.3018,-2.877,,,,,,,,,,,,,,,,,
0.3018,-2.8968,,,,,,,,,,,,,,,,,
0.3018,-2.877,,,,,,,,,,,,,,,,,
0.3018,-2.9167,,,,,,,,,,,,,,,,,
0.3018,-2.9167,,,,,,,,,,,,,,,,,
0.3018,-2.9167,,,,,,,,,,,,,,,,,
0.3018,-2.9561,,,,,,,,,,,,,,,,,
0.3018,-2.9566,,,,,,,,,,,,,,,,,
0.3018,-2.9762,,,,,,,,,,,,,,,,,
0.3018,-2.9762,,,,,,,,,,,,,,,,,
0.3018,-2.9762,,,,,,,,,,,,,,,,,
0.3018,-2.9762,,,,,,,,,,,,,,,,,
0.3018,-2.9762,,,,,,,,,,,,,,,,,
0.3018,-2.9742,,,,,,,,,,,,,,,,,
0.3018,-2.9385,,,,,,,,,,,,,,,,,
0.3018,-2.9365,,,,,,,,,,,,,,,,,
0.3018,-2.9167,,,,,,,,,,,,,,,,,
0.3018,-2.9167,,,,,,,,,,,,,,,,,
0.3018,-2.8968,,,,,,,,,,,,,,,,,
0.3018,-2.877,,,,,,,,,,,,,,,,,
0.3018,-2.8571,,,,,,,,,,,,,,,,,
0.3018,-2.8373,,,,,,,,,,,,,,,,,
0.3018,-2.8569,,,,,,,,,,,,,,,,,
0.3018,-2.8375,,,,,,,,,,,,,,,,,
0.3018,-2.8571,,,,,,,,,,,,,,,,,
0.3018,-2.8571,,,,,,,,,,,,,,,,,
0.3018,-2.8571,,,,,,,,,,,,,,,,,
0.3018,-2.8571,,,,,,,,,,,,,,,,,
0.3018,-2.877,,,,,,,,,,,,,,,,,
0.3018,-2.877,,,,,,,,,,,,,,,,,
0.3018,-2.877,,,,,,,,,,,,,,,,,
0.3018,-2.8966,,,,,,,,,,,,,,,,,
0.3018,-2.915,,,,,,,,,,,,,,,,,
0.3018,-2.8988,,,,,,,,,,,,,,,,,
0.3018,-2.8968,,,,,,,,,,,,,,,,,
0.3018,-2.9365,,,,,,,,,,,,,,,,,
0.3018,-2.9167,,,,,,,,,,,,,,,,,
0.3018,-2.9167,,,,,,,,,,,,,,,,,
0.3018,-2.9365,,,,,,,,,,,,,,,,,
0.3018,-2.9365,,,,,,,,,,,,,,,,,
0.3018,-2.9167,,,,,,,,,,,,,,,,,
0.3018,-2.9164,,,,,,,,,,,,,,,,,
0.3018,-2.9169,,,,,,,,,,,,,,,,,
0.3018,-2.8968,,,,,,,,,,,,,,,,,
0.3018,-2.877,,,,,,,,,,,,,,,,,
0.3018,-2.877,,,,,,,,,,,,,,,,,
0.3018,-2.877,,,,,,,,,,,,,,,,,
0.3018,-2.8571,,,,,,,,,,,,,,,,,
0.3018,-2.8571,,,,,,,,,,,,,,,,,
0.3018,-2.8373,,,,,,,,,,,,,,,,,
0.3018,-2.8373,,,,,,,,,,,,,,,,,
0.3018,-2.8172,,,,,,,,,,,,,,,,,
0.3018,-2.8177,,,,,,,,,,,,,,,,,
-0.3018,-2.8552,,,,,,,,,,,,,,,,,
-0.3018,-2.8193,,,,,,,,,,,,,,,,,
-0.3018,-2.7778,,,,,,,,,,,,,,,,,
-0.3018,-2.7579,,,,,,,,,,,,,,,,,
-0.3018,-2.7381,,,,,,,,,,,,,,,,,
-0.3018,-2.7183,,,,,,,,,,,,,,,,,
-0.3018,-2.6786,,,,,,,,,,,,,,,,,
-0.3018,-2.6786,,,,,,,,,,,,,,,,,
-0.3018,-2.6786,,,,,,,,,,,,,,,,,
-0.3018,-2.6585,,,,,,,,,,,,,,,,,
-0.3018,-2.659,,,,,,,,,,,,,,,,,
-0.3018,-2.6587,,,,,,,,,,,,,,,,,
-0.3018,-2.6587,,,,,,,,,,,,,,,,,
-0.3018,-2.6786,,,,,,,,,,,,,,,,,
-0.3018,-2.6587,,,,,,,,,,,,,,,,,
-0.3018,-2.6786,,,,,,,,,,,,,,,,,
-0.3018,-2.6587,,,,,,,,,,,,,,,,,
-0.3018,-2.6587,,,,,,,,,,,,,,,,,
-0.3018,-2.6585,,,,,,,,,,,,,,,,,
-0.3018,-2.6391,,,,,,,,,,,,,,,,,
-0.3018,-2.657,,,,,,,,,,,,,,,,,
-0.3018,-2.6009,,,,,,,,,,,,,,,,,
-0.3018,-2.5992,,,,,,,,,,,,,,,,,
-0.3018,-2.5992,,,,,,,,,,,,,,,,,
-0.3018,-2.5595,,,,,,,,,,,,,,,,,
-0.3018,-2.5595,,,,,,,,,,,,,,,,,
-0.3018,-2.5397,,,,,,,,,,,,,,,,,
-0.3018,-2.5397,,,,,,,,,,,,,,,,,
-0.3018,-2.5198,,,,,,,,,,,,,,,,,
-0.3018,-2.5395,,,,,,,,,,,,,,,,,
-0.3018,-2.5201,,,,,,,,,,,,,,,,,
-0.3018,-2.5,,,,,,,,,,,,,,,,,
-0.3018,-2.5198,,,,,,,,,,,,,,,,,
-0.3018,-2.5198,,,,,,,,,,,,,,,,,
-0.3018,-2.5198,,,,,,,,,,,,,,,,,
-0.3018,-2.5198,,,,,,,,,,,,,,,,,
-0.3018,-2.5198,,,,,,,,,,,,,,,,,
-0.3018,-2.5198,,,,,,,,,,,,,,,,,
-0.3018,-2.5395,,,,,,,,,,,,,,,,,
-0.3018,-2.5399,,,,,,,,,,,,,,,,,
-0.3018,-2.5397,,,,,,,,,,,,,,,,,
-0.3018,-2.5776,,,,,,,,,,,,,,,,,
-0.3018,-2.5612,,,,,,,,,,,,,,,,,
-0.3018,-2.5794,,,,,,,,,,,,,,,,,
-0.3018,-2.5992,,,,,,,,,,,,,,,,,
-0.3018,-2.5992,,,,,,,,,,,,,,,,,
-0.3018,-2.5992,,,,,,,,,,,,,,,,,
-0.3018,-2.5992,,,,,,,,,,,,,,,,,
-0.3018,-2.619,,,,,,,,,,,,,,,,,
-0.3018,-2.5992,,,,,,,,,,,,,,,,,
-0.3018,-2.599,,,,,,,,,,,,,,,,,
-0.3018,-2.5796,,,,,,,,,,,,,,,,,
-0.3018,-2.5992,,,,,,,,,,,,,,,,,
-0.3018,-2.5595,,,,,,,,,,,,,,,,,
-0.3018,-2.5794,,,,,,,,,,,,,,,,,
-0.3018,-2.5595,,,,,,,,,,,,,,,,,
-0.3018,-2.5397,,,,,,,,,,,,,,,,,
-0.3018,-2.5397,,,,,,,,,,,,,,,,,
-0.3018,-2.5198,,,,,,,,,,,,,,,,,
-0.3018,-2.5397,,,,,,,,,,,,,,,,,
-0.3018,-2.5182,,,,,,,,,,,,,,,,,
-0.3018,-2.5017,,,,,,,,,,,,,,,,,
-0.3018,-2.4802,,,,,,,,,,,,,,,,,
-0.3018,-2.5,,,,,,,,,,,,,,,,,
-0.3018,-2.4802,,,,,,,,,,,,,,,,,
-0.3018,-2.4802,,,,,,,,,,,,,,,,,
-0.3018,-2.4802,,,,,,,,,,,,,,,,,
-0.3018,-2.4802,,,,,,,,,,,,,,,,,
-0.3018,-2.5,,,,,,,,,,,,,,,,,
-0.3018,-2.4802,,,,,,,,,,,,,,,,,
-0.3018,-2.4998,,,,,,,,,,,,,,,,,
-0.3018,-2.5002,,,,,,,,,,,,,,,,,
-0.3018,-2.5,,,,,,,,,,,,,,,,,
-0.3018,-2.5198,,,,,,,,,,,,,,,,,
-0.3018,-2.5198,,,,,,,,,,,,,,,,,
-0.3018,-2.5198,,,,,,,,,,,,,,,,,
-0.3018,-2.5397,,,,,,,,,,,,,,,,,
-0.3018,-2.5595,,,,,,,,,,,,,,,,,
-0.3018,-2.5595,,,,,,,,,,,,,,,,,
-0.3018,-2.5791,,,,,,,,,,,,,,,,,
-0.3018,-2.5977,,,,,,,,,,,,,,,,,
-0.3018,-2.6009,,,,,,,,,,,,,,,,,
-0.3018,-2.5992,,,,,,,,,,,,,,,,,
-0.3018,-2.5992,,,,,,,,,,,,,,,,,
-0.3018,-2.5992,,,,,,,,,,,,,,,,,
-0.3018,-2.619,,,,,,,,,,,,,,,,,
-0.3018,-2.5794,,,,,,,,,,,,,,,,,
-0.3018,-2.5794,,,,,,,,,,,,,,,,,
-0.3018,-2.5794,,,,,,,,,,,,,,,,,
-0.3018,-2.5593,,,,,,,,,,,,,,,,,
-0.3018,-2.5399,,,,,,,,,,,,,,,,,
-0.3018,-2.5397,,,,,,,,,,,,,,,,,
-0.3018,-2.5,,,,,,,,,,,,,,,,,
-0.3018,-2.5,,,,,,,,,,,,,,,,,
-0.3018,-2.4802,,,,,,,,,,,,,,,,,
-0.3018,-2.4802,,,,,,,,,,,,,,,,,
-0.3018,-2.4802,,,,,,,,,,,,,,,,,
-0.3018,-2.4603,,,,,,,,,,,,,,,,,
-0.3018,-2.48,,,,,,,,,,,,,,,,,
-0.3018,-2.4605,,,,,,,,,,,,,,,,,
-0.3018,-2.4802,,,,,,,,,,,,,,,,,
-0.3018,-2.4603,,,,,,,,,,,,,,,,,
-0.3018,-2.4802,,,,,,,,,,,,,,,,,
-0.3018,-2.4802,,,,,,,,,,,,,,,,,
-0.3018,-2.4802,,,,,,,,,,,,,,,,,
-0.3018,-2.5,,,,,,,,,,,,,,,,,
-0.3018,-2.5,,,,,,,,,,,,,,,,,
-0.3018,-2.5278,,,,,,,,,,,,,,,,,
-0.3018,-2.5316,,,,,,,,,,,,,,,,,
-0.3018,-2.5397,,,,,,,,,,,,,,,,,
-0.3018,-2.5399,,,,,,,,,,,,,,,,,
-0.3018,-2.5794,,,,,,,,,,,,,,,,,
-0.3018,-2.5595,,,,,,,,,,,,,,,,,
-0.3018,-2.5992,,,,,,,,,,,,,,,,,
-0.3018,-2.5794,,,,,,,,,,,,,,,,,
-0.3018,-2.619,,,,,,,,,,,,,,,,,
-0.3018,-2.5992,,,,,,,,,,,,,,,,,
-0.3018,-2.5977,,,,,,,,,,,,,,,,,
-0.3018,-2.5809,,,,,,,,,,,,,,,,,
-0.3018,-2.5988,,,,,,,,,,,,,,,,,
-0.3018,-2.5798,,,,,,,,,,,,,,,,,
-0.3018,-2.5595,,,,,,,,,,,,,,,,,
-0.3018,-2.5397,,,,,,,,,,,,,,,,,
-0.3018,-2.5397,,,,,,,,,,,,,,,,,
-0.3018,-2.5198,,,,,,,,,,,,,,,,,
-0.3018,-2.5,,,,,,,,,,,,,,,,,
-0.3018,-2.4998,,,,,,,,,,,,,,,,,
-0.3018,-2.4708,,,,,,,,,,,,,,,,,
-0.3018,-2.4694,,,,,,,,,,,,,,,,,
-0.3018,-2.4605,,,,,,,,,,,,,,,,,
-0.3018,-2.4605,,,,,,,,,,,,,,,,,
-0.3018,-2.4603,,,,,,,,,,,,,,,,,
-0.3018,-2.4405,,,,,,,,,,,,,,,,,
-0.3018,-2.4603,,,,,,,,,,,,,,,,,
-0.3018,-2.4405,,,,,,,,,,,,,,,,,
-0.3018,-2.4603,,,,,,,,,,,,,,,,,
-0.3018,-2.4603,,,,,,,,,,,,,,,,,
-0.3018,-2.48,,,,,,,,,,,,,,,,,
-0.3018,-2.4804,,,,,,,,,,,,,,,,,
-0.3018,-2.4802,,,,,,,,,,,,,,,,,
-0.3018,-2.5,,,,,,,,,,,,,,,,,
-0.3018,-2.4802,,,,,,,,,,,,,,,,,
-0.3018,-2.5198,,,,,,,,,,,,,,,,,
-0.3018,-2.5198,,,,,,,,,,,,,,,,,
-0.3018,-2.5198,,,,,,,,,,,,,,,,,
-0.3018,-2.5397,,,,,,,,,,,,,,,,,
-0.3018,-2.5395,,,,,,,,,,,,,,,,,
-0.3018,-2.5597,,,,,,,,,,,,,,,,,
-0.3018,-2.5595,,,,,,,,,,,,,,,,,
-0.3018,-2.5794,,,,,,,,,,,,,,,,,
-0.3018,-2.5595,,,,,,,,,,,,,,,,,
-0.3018,-2.5776,,,,,,,,,,,,,,,,,
-0.3018,-2.5811,,,,,,,,,,,,,,,,,
-0.3018,-2.5595,,,,,,,,,,,,,,,,,
-0.3018,-2.5595,,,,,,,,,,,,,,,,,
-0.3018,-2.5595,,,,,,,,,,,,,,,,,
-0.3018,-2.5595,,,,,,,,,,,,,,,,,
-0.3018,-2.5198,,,,,,,,,,,,,,,,,
-0.3018,-2.5198,,,,,,,,,,,,,,,,,
-0.3018,-2.5198,,,,,,,,,,,,,,,,,
-0.3018,-2.4998,,,,,,,,,,,,,,,,,
-0.3018,-2.4804,,,,,,,,,,,,,,,,,
-0.3018,-2.5,,,,,,,,,,,,,,,,,
-0.3018,-2.4603,,,,,,,,,,,,,,,,,
-0.3018,-2.4802,,,,,,,,,,,,,,,,,
-0.3018,-2.4603,,,,,,,,,,,,,,,,,
-0.3018,-2.4603,,,,,,,,,,,,,,,,,
-0.3018,-2.4802,,,,,,,,,,,,,,,,,
-0.3018,-2.4802,,,,,,,,,,,,,,,,,
-0.3018,-2.4603,,,,,,,,,,,,,,,,,
-0.3018,-2.48,,,,,,,,,,,,,,,,,
-0.3018,-2.5002,,,,,,,,,,,,,,,,,
-0.3018,-2.5,,,,,,,,,,,,,,,,,
-0.3018,-2.5,,,,,,,,,,,,,,,,,
-0.3018,-2.5198,,,,,,,,,,,,,,,,,
-0.3018,-2.5397,,,,,,,,,,,,,,,,,
-0.3018,-2.5578,,,,,,,,,,,,,,,,,
-0.3018,-2.5612,,,,,,,,,,,,,,,,,
-0.3018,-2.5595,,,,,,,,,,,,,,,,,
-0.3018,-2.5794,,,,,,,,,,,,,,,,,
-0.3018,-2.5992,,,,,,,,,,,,,,,,,
-0.3018,-2.5992,,,,,,,,,,,,,,,,,
-0.3018,-2.5992,,,,,,,,,,,,,,,,,
-0.3018,-2.619,,,,,,,,,,,,,,,,,
-0.3018,-2.619,,,,,,,,,,,,,,,,,
-0.3018,-2.6188,,,,,,,,,,,,,,,,,
-0.3018,-2.618,,,,,,,,,,,,,,,,,
-0.3018,-2.6024,,,,,,,,,,,,,,,,,
-0.3018,-2.5762,,,,,,,,,,,,,,,,,
-0.3018,-2.5975,,,,,,,,,,,,,,,,,
-0.3018,-2.541,,,,,,,,,,,,,,,,,
-0.3018,-2.56,,,,,,,,,,,,,,,,,
-0.3018,-2.5397,,,,,,,,,,,,,,,,,
-0.3018,-2.5397,,,,,,,,,,,,,,,,,
-0.3018,-2.5,,,,,,,,,,,,,,,,,
-0.3018,-2.5,,,,,,,,,,,,,,,,,
-0.3018,-2.5,,,,,,,,,,,,,,,,,
-0.3018,-2.4797,,,,,,,,,,,,,,,,,
-0.3018,-2.4607,,,,,,,,,,,,,,,,,
-0.3018,-2.4603,,,,,,,,,,,,,,,,,
-0.3018,-2.4802,,,,,,,,,,,,,,,,,
-0.3018,-2.4603,,,,,,,,,,,,,,,,,
-0.3018,-2.4802,,,,,,,,,,,,,,,,,
-0.3018,-2.4802,,,,,,,,,,,,,,,,,
-0.3018,-2.4802,,,,,,,,,,,,,,,,,
-0.3018,-2.5,,,,,,,,,,,,,,,,,
-0.3018,-2.4998,,,,,,,,,,,,,,,,,
-0.3018,-2.5002,,,,,,,,,,,,,,,,,
-0.3018,-2.5,,,,,,,,,,,,,,,,,
-0.3018,-2.5397,,,,,,,,,,,,,,,,,
-0.3018,-2.5397,,,,,,,,,,,,,,,,,
-0.3018,-2.5397,,,,,,,,,,,,,,,,,
-0.3018,-2.5595,,,,,,,,,,,,,,,,,
-0.3018,-2.5794,,,,,,,,,,,,,,,,,
-0.3018,-2.5794,,,,,,,,,,,,,,,,,
-0.3018,-2.599,,,,,,,,,,,,,,,,,
-0.3018,-2.5994,,,,,,,,,,,,,,,,,
-0.3018,-2.5794,,,,,,,,,,,,,,,,,
0.3018,0,,,,,,,,,,,,,,,,,
0.3018,-0.0794,,,,,,,,,,,,,,,,,
0.3018,-0.1191,,,,,,,,,,,,,,,,,
0.3018,-0.1587,,,,,,,,,,,,,,,,,
0.3018,-0.2183,,,,,,,,,,,,,,,,,
0.3018,-0.2579,,,,,,,,,,,,,,,,,
0.3018,-0.2976,,,,,,,,,,,,,,,,,
0.3018,-0.3571,,,,,,,,,,,,,,,,,
0.3018,-0.3968,,,,,,,,,,,,,,,,,
0.3018,-0.4563,,,,,,,,,,,,,,,,,
0.3018,-0.5358,,,,,,,,,,,,,,,,,
0.3018,-0.5754,,,,,,,,,,,,,,,,,
0.3018,-0.6746,,,,,,,,,,,,,,,,,
0.3018,-0.7143,,,,,,,,,,,,,,,,,
0.3018,-0.7738,,,,,,,,,,,,,,,,,
0.3018,-0.8532,,,,,,,,,,,,,,,,,
0.3018,-0.9325,,,,,,,,,,,,,,,,,
0.3018,-1.0119,,,,,,,,,,,,,,,,,
0.3018,-1.0713,,,,,,,,,,,,,,,,,
0.3018,-1.1707,,,,,,,,,,,,,,,,,
0.3018,-1.2698,,,,,,,,,,,,,,,,,
0.3018,-1.3492,,,,,,,,,,,,,,,,,
0.3018,-1.4286,,,,,,,,,,,,,,,,,
0.3018,-1.5278,,,,,,,,,,,,,,,,,
0.3018,-1.627,,,,,,,,,,,,,,,,,
0.3018,-1.746,,,,,,,,,,,,,,,,,
0.3018,-1.8254,,,,,,,,,,,,,,,,,
0.3018,-1.9443,,,,,,,,,,,,,,,,,
0.3018,-2.0637,,,,,,,,,,,,,,,,,
0.3018,-2.1429,,,,,,,,,,,,,,,,,
-0.3018,-2.2804,,,,,,,,,,,,,,,,,
-0.3018,-2.3226,,,,,,,,,,,,,,,,,
-0.3018,-2.3415,,,,,,,,,,,,,,,,,
-0.3018,-2.3611,,,,,,,,,,,,,,,,,
-0.3018,-2.381,,,,,,,,,,,,,,,,,
-0.3018,-2.4008,,,,,,,,,,,,,,,,,
-0.3018,-2.4405,,,,,,,,,,,,,,,,,
-0.3018,-2.4603,,,,,,,,,,,,,,,,,
-0.3018,-2.4603,,,,,,,,,,,,,,,,,
-0.3018,-2.4998,,,,,,,,,,,,,,,,,
-0.3018,-2.5002,,,,,,,,,,,,,,,,,
-0.3018,-2.5397,,,,,,,,,,,,,,,,,
-0.3018,-2.5397,,,,,,,,,,,,,,,,,
-0.3018,-2.5595,,,,,,,,,,,,,,,,,
-0.3018,-2.5595,,,,,,,,,,,,,,,,,
-0.3018,-2.5595,,,,,,,,,,,,,,,,,
-0.3018,-2.5595,,,,,,,,,,,,,,,,,
-0.3018,-2.5595,,,,,,,,,,,,,,,,,
-0.3018,-2.5593,,,,,,,,,,,,,,,,,
-0.3018,-2.538,,,,,,,,,,,,,,,,,
-0.3018,-2.5207,,,,,,,,,,,,,,,,,
-0.3018,-2.5209,,,,,,,,,,,,,,,,,
-0.3018,-2.5,,,,,,,,,,,,,,,,,
-0.3018,-2.5198,,,,,,,,,,,,,,,,,
-0.3018,-2.4802,,,,,,,,,,,,,,,,,
-0.3018,-2.5,,,,,,,,,,,,,,,,,
-0.3018,-2.4603,,,,,,,,,,,,,,,,,
-0.3018,-2.4802,,,,,,,,,,,,,,,,,
-0.3018,-2.4601,,,,,,,,,,,,,,,,,
-0.3018,-2.4605,,,,,,,,,,,,,,,,,
-0.3018,-2.4802,,,,,,,,,,,,,,,,,
-0.3018,-2.4603,,,,,,,,,,,,,,,,,
-0.3018,-2.4802,,,,,,,,,,,,,,,,,
-0.3018,-2.4802,,,,,,,,,,,,,,,,,
-0.3018,-2.4802,,,,,,,,,,,,,,,,,
-0.3018,-2.4802,,,,,,,,,,,,,,,,,
-0.3018,-2.5,,,,,,,,,,,,,,,,,
-0.3018,-2.4998,,,,,,,,,,,,,,,,,
-0.3018,-2.5201,,,,,,,,,,,,,,,,,
-0.3018,-2.5198,,,,,,,,,,,,,,,,,
-3.3838,0,,,,,,,,,,,,,,,,,
-3.3838,0.4965,,,,,,,,,,,,,,,,,
-3.3838,1.3693,,,,,,,,,,,,,,,,,
-3.3838,1.9444,,,,,,,,,,,,,,,,,
-3.3838,2.3413,,,,,,,,,,,,,,,,,
-3.3838,2.5992,,,,,,,,,,,,,,,,,
-3.3838,2.7579,,,,,,,,,,,,,,,,,
-3.3838,2.8373,,,,,,,,,,,,,,,,,
-3.3838,2.9167,,,,,,,,,,,,,,,,,
-3.3838,2.9559,,,,,,,,,,,,,,,,,
-3.3838,2.9568,,,,,,,,,,,,,,,,,
-3.3838,2.9762,,,,,,,,,,,,,,,,,
-3.3838,2.9762,,,,,,,,,,,,,,,,,
-3.3838,2.9762,,,,,,,,,,,,,,,,,
-3.3838,2.9563,,,,,,,,,,,,,,,,,
-3.3838,2.9563,,,,,,,,,,,,,,,,,
-3.3838,2.9563,,,,,,,,,,,,,,,,,
-3.3838,2.9365,,,,,,,,,,,,,,,,,
-3.3838,2.936,,,,,,,,,,,,,,,,,
-3.3838,2.937,,,,,,,,,,,,,,,,,
-3.3838,2.9167,,,,,,,,,,,,,,,,,
-3.3838,2.9365,,,,,,,,,,,,,,,,,
-3.3838,2.8968,,,,,,,,,,,,,,,,,
-3.3838,2.8968,,,,,,,,,,,,,,,,,
-3.3838,2.8968,,,,,,,,,,,,,,,,,
-3.3838,2.9167,,,,,,,,,,,,,,,,,
-3.3838,2.8968,,,,,,,,,,,,,,,,,
-3.3838,2.9162,,,,,,,,,,,,,,,,,
-3.3838,2.8973,,,,,,,,,,,,,,,,,
-3.3838,2.9365,,,,,,,,,,,,,,,,,
-3.3838,2.9167,,,,,,,,,,,,,,,,,
-3.3838,2.9365,,,,,,,,,,,,,,,,,
-3.3838,2.9365,,,,,,,,,,,,,,,,,
-3.3838,2.9563,,,,,,,,,,,,,,,,,
-3.3838,2.9762,,,,,,,,,,,,,,,,,
-3.3838,2.9762,,,,,,,,,,,,,,,,,
-2.7801,2.9745,,,,,,,,,,,,,,,,,
-2.7801,2.9576,,,,,,,,,,,,,,,,,
-2.7801,2.9568,,,,,,,,,,,,,,,,,
-2.7801,2.9762,,,,,,,,,,,,,,,,,
-2.7801,2.9563,,,,,,,,,,,,,,,,,
-2.7801,2.9762,,,,,,,,,,,,,,,,,
-2.7801,2.9563,,,,,,,,,,,,,,,,,
-2.7801,2.9563,,,,,,,,,,,,,,,,,
-2.7801,2.9563,,,,,,,,,,,,,,,,,
-2.7801,2.9757,,,,,,,,,,,,,,,,,
-2.7801,2.937,,,,,,,,,,,,,,,,,
-2.7801,2.9563,,,,,,,,,,,,,,,,,
-2.7801,2.9563,,,,,,,,,,,,,,,,,
-2.7801,2.9365,,,,,,,,,,,,,,,,,
-2.7801,2.9365,,,,,,,,,,,,,,,,,
-2.7801,2.9365,,,,,,,,,,,,,,,,,
-2.7801,2.9365,,,,,,,,,,,,,,,,,
-2.7801,2.9365,,,,,,,,,,,,,,,,,
-2.7801,2.936,,,,,,,,,,,,,,,,,
-2.7801,2.937,,,,,,,,,,,,,,,,,
-2.7801,2.9167,,,,,,,,,,,,,,,,,
-2.7801,2.9167,,,,,,,,,,,,,,,,,
-2.7801,2.9365,,,,,,,,,,,,,,,,,
-2.7801,2.9365,,,,,,,,,,,,,,,,,
-2.7801,2.9563,,,,,,,,,,,,,,,,,
-2.7801,2.9563,,,,,,,,,,,,,,,,,
-2.7801,2.9563,,,,,,,,,,,,,,,,,
-2.7801,2.9757,,,,,,,,,,,,,,,,,
-2.7801,2.9568,,,,,,,,,,,,,,,,,
-2.7801,2.9762,,,,,,,,,,,,,,,,,
-2.7801,2.9762,,,,,,,,,,,,,,,,,
-2.7801,2.9762,,,,,,,,,,,,,,,,,
-2.7801,2.9762,,,,,,,,,,,,,,,,,
-2.7801,2.9762,,,,,,,,,,,,,,,,,
-2.7801,2.996,,,,,,,,,,,,,,,,,
-2.7801,2.9762,,,,,,,,,,,,,,,,,
-2.7801,2.9563,,,,,,,,,,,,,,,,,
-2.7801,2.9742,,,,,,,,,,,,,,,,,
-2.7801,2.9385,,,,,,,,,,,,,,,,,
-2.7801,2.9742,,,,,,,,,,,,,,,,,
-2.7801,2.9385,,,,,,,,,,,,,,,,,
-2.7801,2.9365,,,,,,,,,,,,,,,,,
-2.7801,0,,,,,,,,,,,,,,,,,
-2.7801,0.3178,,,,,,,,,,,,,,,,,
-2.7801,0.9521,,,,,,,,,,,,,,,,,
-2.7801,1.5878,,,,,,,,,,,,,,,,,
-2.7801,2.1032,,,,,,,,,,,,,,,,,
-2.7801,2.4206,,,,,,,,,,,,,,,,,
-2.7801,2.6587,,,,,,,,,,,,,,,,,
-2.7801,2.7778,,,,,,,,,,,,,,,,,
-2.7801,2.8571,,,,,,,,,,,,,,,,,
-2.7801,2.8968,,,,,,,,,,,,,,,,,
-2.7801,2.936,,,,,,,,,,,,,,,,,
-2.7801,2.9767,,,,,,,,,,,,,,,,,
-2.7801,2.996,,,,,,,,,,,,,,,,,
-2.7801,3.0159,,,,,,,,,,,,,,,,,
-2.7801,3.0357,,,,,,,,,,,,,,,,,
-2.7801,3.0754,,,,,,,,,,,,,,,,,
-2.7801,3.0556,,,,,,,,,,,,,,,,,
-2.7801,3.0357,,,,,,,,,,,,,,,,,
-2.7801,2.996,,,,,,,,,,,,,,,,,
-2.7801,2.9559,,,,,,,,,,,,,,,,,
-2.7801,2.9767,,,,,,,,,,,,,,,,,
-2.7801,2.9365,,,,,,,,,,,,,,,,,
-2.7801,2.9365,,,,,,,,,,,,,,,,,
-2.7801,2.9167,,,,,,,,,,,,,,,,,
-2.7801,2.9167,,,,,,,,,,,,,,,,,
-2.7801,2.8968,,,,,,,,,,,,,,,,,
-2.7801,2.8968,,,,,,,,,,,,,,,,,
-2.7801,2.8968,,,,,,,,,,,,,,,,,
-2.7801,2.8963,,,,,,,,,,,,,,,,,
-2.7801,2.9172,,,,,,,,,,,,,,,,,
-2.7801,2.8968,,,,,,,,,,,,,,,,,
-2.7801,2.9167,,,,,,,,,,,,,,,,,
-2.7801,2.9365,,,,,,,,,,,,,,,,,
-2.7801,2.9167,,,,,,,,,,,,,,,,,
-2.7801,2.9365,,,,,,,,,,,,,,,,,
-2.7801,2.9563,,,,,,,,,,,,,,,,,
-2.7801,2.9365,,,,,,,,,,,,,,,,,
-2.7801,2.9757,,,,,,,,,,,,,,,,,
-2.7801,2.9767,,,,,,,,,,,,,,,,,
-2.7801,2.996,,,,,,,,,,,,,,,,,
-2.7801,2.9762,,,,,,,,,,,,,,,,,
-2.7801,2.996,,,,,,,,,,,,,,,,,
-3.3838,0,,,,,,,,,,,,,,,,,
-3.3838,0.4765,,,,,,,,,,,,,,,,,
-3.3838,1.25,,,,,,,,,,,,,,,,,
-3.3838,1.8651,,,,,,,,,,,,,,,,,
-3.3838,2.2619,,,,,,,,,,,,,,,,,
-3.3838,2.5198,,,,,,,,,,,,,,,,,
-3.3838,2.6786,,,,,,,,,,,,,,,,,
-3.3838,2.7778,,,,,,,,,,,,,,,,,
-3.3838,2.8373,,,,,,,,,,,,,,,,,
-3.3838,2.8765,,,,,,,,,,,,,,,,,
-3.3838,2.8973,,,,,,,,,,,,,,,,,
-3.3838,2.8968,,,,,,,,,,,,,,,,,
-3.3838,2.9365,,,,,,,,,,,,,,,,,
-3.3838,2.9563,,,,,,,,,,,,,,,,,
-3.3838,2.9563,,,,,,,,,,,,,,,,,
-3.3838,2.9762,,,,,,,,,,,,,,,,,
-3.3838,2.996,,,,,,,,,,,,,,,,,
-3.3838,2.996,,,,,,,,,,,,,,,,,
-3.3838,2.9958,,,,,,,,,,,,,,,,,
-3.3838,2.9958,,,,,,,,,,,,,,,,,
-3.3838,2.9965,,,,,,,,,,,,,,,,,
-3.3838,2.996,,,,,,,,,,,,,,,,,
-3.3838,2.996,,,,,,,,,,,,,,,,,
-3.3838,2.996,,,,,,,,,,,,,,,,,
-3.3838,2.9762,,,,,,,,,,,,,,,,,
-3.3838,2.996,,,,,,,,,,,,,,,,,
-3.3838,2.9762,,,,,,,,,,,,,,,,,
-3.3838,2.9563,,,,,,,,,,,,,,,,,
-3.3838,2.9757,,,,,,,,,,,,,,,,,
-3.3838,2.9568,,,,,,,,,,,,,,,,,
-3.3838,2.9563,,,,,,,,,,,,,,,,,
-3.3838,2.9563,,,,,,,,,,,,,,,,,
-3.3838,2.9563,,,,,,,,,,,,,,,,,
-3.3838,2.9762,,,,,,,,,,,,,,,,,
-3.3838,2.9762,,,,,,,,,,,,,,,,,
-3.3838,2.9563,,,,,,,,,,,,,,,,,
-3.3838,2.9762,,,,,,,,,,,,,,,,,
-3.3838,2.9559,,,,,,,,,,,,,,,,,
-3.3838,2.9767,,,,,,,,,,,,,,,,,
-3.3838,2.9563,,,,,,,,,,,,,,,,,
-3.3838,2.9762,,,,,,,,,,,,,,,,,
-3.3838,2.996,,,,,,,,,,,,,,,,,
3.0819,0,,,,,,,,,,,,,,,,,
3.0819,-0.417,,,,,,,,,,,,,,,,,
3.0819,-1.2103,,,,,,,,,,,,,,,,,
3.0819,-1.8056,,,,,,,,,,,,,,,,,
3.0819,-2.2421,,,,,,,,,,,,,,,,,
3.0819,-2.5397,,,,,,,,,,,,,,,,,
3.0819,-2.6984,,,,,,,,,,,,,,,,,
3.0819,-2.7976,,,,,,,,,,,,,,,,,
3.0819,-2.8571,,,,,,,,,,,,,,,,,
3.0819,-2.9164,,,,,,,,,,,,,,,,,
3.0819,-2.9169,,,,,,,,,,,,,,,,,
3.0819,-2.9563,,,,,,,,,,,,,,,,,
3.0819,-2.9563,,,,,,,,,,,,,,,,,
3.0819,-2.9762,,,,,,,,,,,,,,,,,
3.0819,-2.9563,,,,,,,,,,,,,,,,,
3.0819,-2.9563,,,,,,,,,,,,,,,,,
3.0819,-2.9365,,,,,,,,,,,,,,,,,
3.0819,-2.9365,,,,,,,,,,,,,,,,,
3.0819,-2.9363,,,,,,,,,,,,,,,,,
3.0819,-2.9169,,,,,,,,,,,,,,,,,
3.0819,-2.9167,,,,,,,,,,,,,,,,,
3.0819,-2.9167,,,,,,,,,,,,,,,,,
3.0819,-2.8968,,,,,,,,,,,,,,,,,
3.0819,-2.9167,,,,,,,,,,,,,,,,,
3.0819,-2.8968,,,,,,,,,,,,,,,,,
3.0819,-2.8968,,,,,,,,,,,,,,,,,
3.0819,-2.8968,,,,,,,,,,,,,,,,,
3.0819,-2.8767,,,,,,,,,,,,,,,,,
3.0819,-2.9169,,,,,,,,,,,,,,,,,
3.0819,-2.8968,,,,,,,,,,,,,,,,,
3.0819,-2.9167,,,,,,,,,,,,,,,,,
3.0819,-2.9167,,,,,,,,,,,,,,,,,
3.0819,-2.9365,,,,,,,,,,,,,,,,,
3.0819,-2.9365,,,,,,,,,,,,,,,,,
3.0819,-2.9563,,,,,,,,,,,,,,,,,
3.0819,-2.9563,,,,,,,,,,,,,,,,,
3.0819,-2.9561,,,,,,,,,,,,,,,,,
3.0819,-2.9566,,,,,,,,,,,,,,,,,
3.0819,-2.9762,,,,,,,,,,,,,,,,,
3.0819,-2.9762,,,,,,,,,,,,,,,,,
3.0819,-2.996,,,,,,,,,,,,,,,,,
-3.0819,-3.0139,,,,,,,,,,,,,,,,,
-3.0819,-2.7399,,,,,,,,,,,,,,,,,
-3.0819,-2.2024,,,,,,,,,,,,,,,,,
-3.0819,-1.627,,,,,,,,,,,,,,,,,
-3.0819,-1.0119,,,,,,,,,,,,,,,,,
-3.0819,-0.2778,,,,,,,,,,,,,,,,,
-3.0819,0.4762,,,,,,,,,,,,,,,,,
-3.0819,1.2302,,,,,,,,,,,,,,,,,
-3.0819,1.8254,,,,,,,,,,,,,,,,,
-3.0819,2.2617,,,,,,,,,,,,,,,,,
-3.0819,2.5597,,,,,,,,,,,,,,,,,
-3.0819,2.7381,,,,,,,,,,,,,,,,,
-3.0819,2.8373,,,,,,,,,,,,,,,,,
-3.0819,2.9167,,,,,,,,,,,,,,,,,
-3.0819,2.9762,,,,,,,,,,,,,,,,,
-3.0819,2.996,,,,,,,,,,,,,,,,,
-3.0819,2.996,,,,,,,,,,,,,,,,,
-3.0819,3.0159,,,,,,,,,,,,,,,,,
-3.0819,3.0156,,,,,,,,,,,,,,,,,
-3.0819,2.9963,,,,,,,,,,,,,,,,,
-3.0819,3.0159,,,,,,,,,,,,,,,,,
-3.0819,2.996,,,,,,,,,,,,,,,,,
-3.0819,3.0159,,,,,,,,,,,,,,,,,
-3.0819,2.996,,,,,,,,,,,,,,,,,
-3.0819,2.996,,,,,,,,,,,,,,,,,
-3.0819,2.996,,,,,,,,,,,,,,,,,
-3.0819,2.996,,,,,,,,,,,,,,,,,
-3.0819,2.9958,,,,,,,,,,,,,,,,,
-3.0819,2.9963,,,,,,,,,,,,,,,,,
-3.0819,2.9762,,,,,,,,,,,,,,,,,
-3.0819,2.9762,,,,,,,,,,,,,,,,,
-3.0819,2.9762,,,,,,,,,,,,,,,,,
-3.0819,2.9762,,,,,,,,,,,,,,,,,
-3.0819,2.9762,,,,,,,,,,,,,,,,,
-3.0819,2.9762,,,,,,,,,,,,,,,,,
-3.0819,2.9762,,,,,,,,,,,,,,,,,
-3.0819,2.996,,,,,,,,,,,,,,,,,
-3.0819,2.9958,,,,,,,,,,,,,,,,,
-3.0819,3.0161,,,,,,,,,,,,,,,,,
-3.0819,2.996,,,,,,,,,,,,,,,,,
-3.0819,3.0159,,,,,,,,,,,,,,,,,
-3.0819,3.0159,,,,,,,,,,,,,,,,,
3.0819,3.0337,,,,,,,,,,,,,,,,,
3.0819,2.7399,,,,,,,,,,,,,,,,,
3.0819,2.2421,,,,,,,,,,,,,,,,,
3.0819,1.7063,,,,,,,,,,,,,,,,,
3.0819,1.1111,,,,,,,,,,,,,,,,,
3.0819,0.4365,,,,,,,,,,,,,,,,,
3.0819,-0.3571,,,,,,,,,,,,,,,,,
3.0819,-1.0913,,,,,,,,,,,,,,,,,
3.0819,-1.7262,,,,,,,,,,,,,,,,,
3.0819,-2.2024,,,,,,,,,,,,,,,,,
3.0819,-2.5196,,,,,,,,,,,,,,,,,
3.0819,-2.659,,,,,,,,,,,,,,,,,
3.0819,-2.7976,,,,,,,,,,,,,,,,,
3.0819,-2.8571,,,,,,,,,,,,,,,,,
3.0819,-2.8968,,,,,,,,,,,,,,,,,
3.0819,-2.9167,,,,,,,,,,,,,,,,,
3.0819,-2.9167,,,,,,,,,,,,,,,,,
3.0819,-2.9167,,,,,,,,,,,,,,,,,
3.0819,-2.9365,,,,,,,,,,,,,,,,,
3.0819,-2.9363,,,,,,,,,,,,,,,,,
3.0819,-2.9169,,,,,,,,,,,,,,,,,
3.0819,-2.9167,,,,,,,,,,,,,,,,,
3.0819,-2.9167,,,,,,,,,,,,,,,,,
3.0819,-2.9167,,,,,,,,,,,,,,,,,
3.0819,-2.9167,,,,,,,,,,,,,,,,,
3.0819,-2.9167,,,,,,,,,,,,,,,,,
3.0819,-2.9167,,,,,,,,,,,,,,,,,
3.0819,-2.9167,,,,,,,,,,,,,,,,,
3.0819,-2.9363,,,,,,,,,,,,,,,,,
3.0819,-2.9368,,,,,,,,,,,,,,,,,
3.0819,-2.9365,,,,,,,,,,,,,,,,,
3.0819,-2.9365,,,,,,,,,,,,,,,,,
3.0819,-2.9762,,,,,,,,,,,,,,,,,
3.0819,-2.9563,,,,,,,,,,,,,,,,,
3.0819,-2.9563,,,,,,,,,,,,,,,,,
3.0819,-2.996,,,,,,,,,,,,,,,,,
3.0819,-2.996,,,,,,,,,,,,,,,,,
3.0819,-2.9958,,,,,,,,,,,,,,,,,
-3.0819,-3.0339,,,,,,,,,,,,,,,,,
-3.0819,-2.8789,,,,,,,,,,,,,,,,,
-3.0819,-2.5,,,,,,,,,,,,,,,,,
-3.0819,-1.9841,,,,,,,,,,,,,,,,,
-3.0819,-1.3889,,,,,,,,,,,,,,,,,
-3.0819,-0.7738,,,,,,,,,,,,,,,,,
-3.0819,-0.0198,,,,,,,,,,,,,,,,,
-3.0819,0.754,,,,,,,,,,,,,,,,,
-3.0819,1.4484,,,,,,,,,,,,,,,,,
-3.0819,2.0038,,,,,,,,,,,,,,,,,
-3.0819,2.401,,,,,,,,,,,,,,,,,
-3.0819,2.6587,,,,,,,,,,,,,,,,,
-3.0819,2.7976,,,,,,,,,,,,,,,,,
-3.0819,2.8968,,,,,,,,,,,,,,,,,
-3.0819,2.9762,,,,,,,,,,,,,,,,,
-3.0819,2.996,,,,,,,,,,,,,,,,,
-3.0819,3.0159,,,,,,,,,,,,,,,,,
-3.0819,3.0357,,,,,,,,,,,,,,,,,
-3.0819,3.0156,,,,,,,,,,,,,,,,,
-3.0819,3.036,,,,,,,,,,,,,,,,,
-3.0819,3.0159,,,,,,,,,,,,,,,,,
-3.0819,3.0159,,,,,,,,,,,,,,,,,
-3.0819,2.996,,,,,,,,,,,,,,,,,
-3.0819,3.0159,,,,,,,,,,,,,,,,,
-3.0819,2.9762,,,,,,,,,,,,,,,,,
-3.0819,2.996,,,,,,,,,,,,,,,,,
-3.0819,2.9762,,,,,,,,,,,,,,,,,
-3.0819,2.9762,,,,,,,,,,,,,,,,,
-3.0819,2.9561,,,,,,,,,,,,,,,,,
-3.0819,2.9566,,,,,,,,,,,,,,,,,
-3.0819,2.9563,,,,,,,,,,,,,,,,,
-3.0819,2.9563,,,,,,,,,,,,,,,,,
-3.0819,2.9563,,,,,,,,,,,,,,,,,
-3.0819,2.9762,,,,,,,,,,,,,,,,,
-3.0819,2.996,,,,,,,,,,,,,,,,,
-3.0819,2.996,,,,,,,,,,,,,,,,,
-3.0819,3.0159,,,,,,,,,,,,,,,,,
-3.0819,3.0154,,,,,,,,,,,,,,,,,
-3.0819,3.0164,,,,,,,,,,,,,,,,,
-3.0819,3.0357,,,,,,,,,,,,,,,,,
3.0819,3.0337,,,,,,,,,,,,,,,,,
3.0819,2.9159,,,,,,,,,,,,,,,,,
3.0819,2.5023,,,,,,,,,,,,,,,,,
3.0819,2.004,,,,,,,,,,,,,,,,,
3.0819,1.4286,,,,,,,,,,,,,,,,,
3.0819,0.7738,,,,,,,,,,,,,,,,,
3.0819,0.0794,,,,,,,,,,,,,,,,,
3.0819,-0.6548,,,,,,,,,,,,,,,,,
3.0819,-1.3492,,,,,,,,,,,,,,,,,
3.0819,-1.9244,,,,,,,,,,,,,,,,,
3.0819,-2.3214,,,,,,,,,,,,,,,,,
3.0819,-2.5597,,,,,,,,,,,,,,,,,
3.0819,-2.6984,,,,,,,,,,,,,,,,,
3.0819,-2.7976,,,,,,,,,,,,,,,,,
3.0819,-2.877,,,,,,,,,,,,,,,,,
3.0819,-2.9167,,,,,,,,,,,,,,,,,
3.0819,-2.9365,,,,,,,,,,,,,,,,,
3.0819,-2.9762,,,,,,,,,,,,,,,,,
3.0819,-2.9762,,,,,,,,,,,,,,,,,
3.0819,-2.9958,,,,,,,,,,,,,,,,,
3.0819,-2.9963,,,,,,,,,,,,,,,,,
3.0819,-2.996,,,,,,,,,,,,,,,,,
3.0819,-2.9762,,,,,,,,,,,,,,,,,
3.0819,-2.996,,,,,,,,,,,,,,,,,
3.0819,-2.9563,,,,,,,,,,,,,,,,,
3.0819,-2.9563,,,,,,,,,,,,,,,,,
3.0819,-2.9563,,,,,,,,,,,,,,,,,
3.0819,-2.9365,,,,,,,,,,,,,,,,,
3.0819,-2.9563,,,,,,,,,,,,,,,,,
3.0819,-2.9363,,,,,,,,,,,,,,,,,
3.0819,-2.9368,,,,,,,,,,,,,,,,,
3.0819,-2.9563,,,,,,,,,,,,,,,,,
3.0819,-2.9365,,,,,,,,,,,,,,,,,
3.0819,-2.9563,,,,,,,,,,,,,,,,,
3.0819,-2.9563,,,,,,,,,,,,,,,,,
3.0819,-2.9762,,,,,,,,,,,,,,,,,
3.0819,-2.996,,,,,,,,,,,,,,,,,
3.0819,-3.0154,,,,,,,,,,,,,,,,,
3.0819,-3.0164,,,,,,,,,,,,,,,,,
3.0819,-3.0159,,,,,,,,,,,,,,,,,
3.0819,-3.0357,,,,,,,,,,,,,,,,,
3.0819,-3.0357,,,,,,,,,,,,,,,,,
-3.0819,0,,,,,,,,,,,,,,,,,
-3.0819,0.4368,,,,,,,,,,,,,,,,,
-3.0819,1.25,,,,,,,,,,,,,,,,,
-3.0819,1.8254,,,,,,,,,,,,,,,,,
-3.0819,2.2619,,,,,,,,,,,,,,,,,
-3.0819,2.5198,,,,,,,,,,,,,,,,,
-3.0819,2.7381,,,,,,,,,,,,,,,,,
-3.0819,2.8175,,,,,,,,,,,,,,,,,
-3.0819,2.9167,,,,,,,,,,,,,,,,,
-3.0819,2.9759,,,,,,,,,,,,,,,,,
-3.0819,2.9963,,,,,,,,,,,,,,,,,
-3.0819,3.0357,,,,,,,,,,,,,,,,,
-3.0819,3.0556,,,,,,,,,,,,,,,,,
-3.0819,3.0754,,,,,,,,,,,,,,,,,
-3.0819,3.0556,,,,,,,,,,,,,,,,,
-3.0819,3.0754,,,,,,,,,,,,,,,,,
-3.0819,3.0754,,,,,,,,,,,,,,,,,
-3.0819,3.0556,,,,,,,,,,,,,,,,,
-3.0819,3.0556,,,,,,,,,,,,,,,,,
-3.0819,3.0751,,,,,,,,,,,,,,,,,
-3.0819,3.0558,,,,,,,,,,,,,,,,,
-3.0819,3.0357,,,,,,,,,,,,,,,,,
-3.0819,3.0357,,,,,,,,,,,,,,,,,
-3.0819,3.0357,,,,,,,,,,,,,,,,,
-3.0819,3.0159,,,,,,,,,,,,,,,,,
-3.0819,3.0159,,,,,,,,,,,,,,,,,
-3.0819,2.996,,,,,,,,,,,,,,,,,
-3.0819,3.0159,,,,,,,,,,,,,,,,,
-3.0819,2.9958,,,,,,,,,,,,,,,,,
-3.0819,2.9963,,,,,,,,,,,,,,,,,
-3.0819,2.996,,,,,,,,,,,,,,,,,
-3.0819,2.996,,,,,,,,,,,,,,,,,
3.0819,3.0136,,,,,,,,,,,,,,,,,
3.0819,2.7203,,,,,,,,,,,,,,,,,
3.0819,2.1825,,,,,,,,,,,,,,,,,
3.0819,1.627,,,,,,,,,,,,,,,,,
3.0819,1.0119,,,,,,,,,,,,,,,,,
3.0819,0.2778,,,,,,,,,,,,,,,,,
3.0819,-0.496,,,,,,,,,,,,,,,,,
3.0819,-1.2103,,,,,,,,,,,,,,,,,
3.0819,-1.8056,,,,,,,,,,,,,,,,,
3.0819,-2.222,,,,,,,,,,,,,,,,,
3.0819,-2.4804,,,,,,,,,,,,,,,,,
3.0819,-2.6389,,,,,,,,,,,,,,,,,
3.0819,-2.7183,,,,,,,,,,,,,,,,,
3.0819,-2.7778,,,,,,,,,,,,,,,,,
3.0819,-2.8175,,,,,,,,,,,,,,,,,
3.0819,-2.8571,,,,,,,,,,,,,,,,,
3.0819,-2.877,,,,,,,,,,,,,,,,,
3.0819,-2.8968,,,,,,,,,,,,,,,,,
3.0819,-2.8966,,,,,,,,,,,,,,,,,
3.0819,-2.9169,,,,,,,,,,,,,,,,,
3.0819,-2.9167,,,,,,,,,,,,,,,,,
3.0819,-2.9365,,,,,,,,,,,,,,,,,
3.0819,-2.9365,,,,,,,,,,,,,,,,,
3.0819,-2.9563,,,,,,,,,,,,,,,,,
3.0819,-2.9563,,,,,,,,,,,,,,,,,
3.0819,-2.9762,,,,,,,,,,,,,,,,,
3.0819,-2.9762,,,,,,,,,,,,,,,,,
3.0819,-3.0156,,,,,,,,,,,,,,,,,
3.0819,-3.0161,,,,,,,,,,,,,,,,,
3.0819,-3.0159,,,,,,,,,,,,,,,,,
3.0819,-3.0357,,,,,,,,,,,,,,,,,
3.0819,-3.0357,,,,,,,,,,,,,,,,,
3.0819,-3.0357,,,,,,,,,,,,,,,,,
3.0819,-3.0556,,,,,,,,,,,,,,,,,
3.0819,-3.0357,,,,,,,,,,,,,,,,,
3.0819,-3.0159,,,,,,,,,,,,,,,,,
3.0819,-3.0156,,,,,,,,,,,,,,,,,
3.0819,-2.9963,,,,,,,,,,,,,,,,,
3.0819,-2.996,,,,,,,,,,,,,,,,,
3.0819,-2.9762,,,,,,,,,,,,,,,,,
3.0819,-2.9762,,,,,,,,,,,,,,,,,
3.0819,-2.9563,,,,,,,,,,,,,,,,,
-3.0819,0,,,,,,,,,,,,,,,,,
-3.0819,0.4762,,,,,,,,,,,,,,,,,
-3.0819,1.25,,,,,,,,,,,,,,,,,
-3.0819,1.8651,,,,,,,,,,,,,,,,,
-3.0819,2.2817,,,,,,,,,,,,,,,,,
-3.0819,2.5595,,,,,,,,,,,,,,,,,
-3.0819,2.7381,,,,,,,,,,,,,,,,,
-3.0819,2.8571,,,,,,,,,,,,,,,,,
-3.0819,2.8968,,,,,,,,,,,,,,,,,
-3.0819,2.9559,,,,,,,,,,,,,,,,,
-3.0819,2.9568,,,,,,,,,,,,,,,,,
-3.0819,2.9762,,,,,,,,,,,,,,,,,
-3.0819,2.9563,,,,,,,,,,,,,,,,,
-3.0819,2.996,,,,,,,,,,,,,,,,,
-3.0819,2.9762,,,,,,,,,,,,,,,,,
-3.0819,2.996,,,,,,,,,,,,,,,,,
-3.0819,2.996,,,,,,,,,,,,,,,,,
-3.0819,2.9762,,,,,,,,,,,,,,,,,
-3.0819,2.9945,,,,,,,,,,,,,,,,,
-3.0819,2.9968,,,,,,,,,,,,,,,,,
-3.0819,2.9968,,,,,,,,,,,,,,,,,
-3.0819,3.0159,,,,,,,,,,,,,,,,,
-3.0819,3.0159,,,,,,,,,,,,,,,,,
-3.0819,3.0357,,,,,,,,,,,,,,,,,
-3.0819,3.0357,,,,,,,,,,,,,,,,,
-3.0819,3.0357,,,,,,,,,,,,,,,,,
-3.0819,3.0357,,,,,,,,,,,,,,,,,
-3.0819,3.0357,,,,,,,,,,,,,,,,,
-3.0819,3.0355,,,,,,,,,,,,,,,,,
-3.0819,3.0161,,,,,,,,,,,,,,,,,
-3.0819,3.0159,,,,,,,,,,,,,,,,,
-3.0819,3.0159,,,,,,,,,,,,,,,,,
-3.0819,3.0159,,,,,,,,,,,,,,,,,
-3.0819,3.0159,,,,,,,,,,,,,,,,,
-3.0819,2.9762,,,,,,,,,,,,,,,,,
-3.0819,2.996,,,,,,,,,,,,,,,,,
-3.0819,2.9762,,,,,,,,,,,,,,,,,
-3.0819,2.994,,,,,,,,,,,,,,,,,
-3.0819,2.9583,,,,,,,,,,,,,,,,,
-3.0819,2.9563,,,,,,,,,,,,,,,,,
-3.0819,2.9563,,,,,,,,,,,,,,,,,
-3.0819,2.9563,,,,,,,,,,,,,,,,,
-3.0819,2.9563,,,,,,,,,,,,,,,,,
-3.0819,2.9762,,,,,,,,,,,,,,,,,
-3.0819,2.9563,,,,,,,,,,,,,,,,,
-3.0819,2.9762,,,,,,,,,,,,,,,,,
-3.0819,2.9759,,,,,,,,,,,,,,,,,
-3.0819,2.9764,,,,,,,,,,,,,,,,,
-3.0819,2.9762,,,,,,,,,,,,,,,,,
-3.0819,2.9762,,,,,,,,,,,,,,,,,
-3.0819,2.9762,,,,,,,,,,,,,,,,,
-3.0819,2.996,,,,,,,,,,,,,,,,,
-3.0819,3.0159,,,,,,,,,,,,,,,,,
-3.0819,2.996,,,,,,,,,,,,,,,,,
-3.0819,3.0159,,,,,,,,,,,,,,,,,
-3.0819,3.0156,,,,,,,,,,,,,,,,,
-3.0819,3.0339,,,,,,,,,,,,,,,,,
-3.0819,3.0179,,,,,,,,,,,,,,,,,
-3.0819,2.996,,,,,,,,,,,,,,,,,
-3.0819,2.996,,,,,,,,,,,,,,,,,
-3.0819,2.996,,,,,,,,,,,,,,,,,
-3.0819,2.996,,,,,,,,,,,,,,,,,
-3.0819,2.996,,,,,,,,,,,,,,,,,
-3.0819,2.9762,,,,,,,,,,,,,,,,,
-3.0819,2.9762,,,,,,,,,,,,,,,,,
-3.0819,2.9561,,,,,,,,,,,,,,,,,
-3.0819,2.9566,,,,,,,,,,,,,,,,,
-3.0819,2.9365,,,,,,,,,,,,,,,,,
-3.0819,2.9365,,,,,,,,,,,,,,,,,
-3.0819,2.9365,,,,,,,,,,,,,,,,,
-3.0819,2.9365,,,,,,,,,,,,,,,,,
-3.0819,2.9563,,,,,,,,,,,,,,,,,
-3.0819,2.9563,,,,,,,,,,,,,,,,,
-3.0819,2.9742,,,,,,,,,,,,,,,,,
-3.0819,2.9782,,,,,,,,,,,,,,,,,
-3.0819,2.9762,,,,,,,,,,,,,,,,,
-3.0819,2.9762,,,,,,,,,,,,,,,,,
-3.0819,2.996,,,,,,,,,,,,,,,,,
-3.0819,2.996,,,,,,,,,,,,,,,,,
-3.0819,2.996,,,,,,,,,,,,,,,,,
-3.0819,2.996,,,,,,,,,,,,,,,,,
-3.0819,3.0159,,,,,,,,,,,,,,,,,
-3.0819,3.0156,,,,,,,,,,,,,,,,,
-3.0819,3.0161,,,,,,,,,,,,,,,,,
-3.0819,3.0159,,,,,,,,,,,,,,,,,
-3.0819,2.996,,,,,,,,,,,,,,,,,
-3.0819,3.0159,,,,,,,,,,,,,,,,,
-3.0819,2.996,,,,,,,,,,,,,,,,,
-3.0819,2.996,,,,,,,,,,,,,,,,,
-3.0819,2.996,,,,,,,,,,,,,,,,,
-3.0819,2.996,,,,,,,,,,,,,,,,,
-3.0819,2.9762,,,,,,,,,,,,,,,,,
-3.0819,2.994,,,,,,,,,,,,,,,,,
-3.0819,2.9385,,,,,,,,,,,,,,,,,
-3.0819,2.9563,,,,,,,,,,,,,,,,,
-3.0819,2.9365,,,,,,,,,,,,,,,,,
-3.0819,2.9563,,,,,,,,,,,,,,,,,
-3.0819,2.9365,,,,,,,,,,,,,,,,,
-3.0819,2.9563,,,,,,,,,,,,,,,,,
-3.0819,2.9563,,,,,,,,,,,,,,,,,
-3.0819,2.9563,,,,,,,,,,,,,,,,,
-3.0819,2.9563,,,,,,,,,,,,,,,,,
-3.0819,2.9732,,,,,,,,,,,,,,,,,
-3.0819,2.9769,,,,,,,,,,,,,,,,,
-3.0819,2.9586,,,,,,,,,,,,,,,,,
-3.0819,2.996,,,,,,,,,,,,,,,,,
-3.0819,2.996,,,,,,,,,,,,,,,,,
-3.0819,2.9955,,,,,,,,,,,,,,,,,
-3.0819,3.0362,,,,,,,,,,,,,,,,,
-3.0819,3.0357,,,,,,,,,,,,,,,,,
-3.0819,3.0357,,,,,,,,,,,,,,,,,
-3.0819,3.0733,,,,,,,,,,,,,,,,,
-3.0819,3.0372,,,,,,,,,,,,,,,,,
-3.0819,3.0561,,,,,,,,,,,,,,,,,
-3.0819,3.0357,,,,,,,,,,,,,,,,,
-3.0819,3.0357,,,,,,,,,,,,,,,,,
-3.0819,3.0357,,,,,,,,,,,,,,,,,
-3.0819,3.0357,,,,,,,,,,,,,,,,,
-3.0819,3.0159,,,,,,,,,,,,,,,,,
-3.0819,3.0159,,,,,,,,,,,,,,,,,
-3.0819,2.9958,,,,,,,,,,,,,,,,,
-3.0819,2.9764,,,,,,,,,,,,,,,,,
-3.0819,2.996,,,,,,,,,,,,,,,,,
-3.0819,2.9563,,,,,,,,,,,,,,,,,
-3.0819,2.9563,,,,,,,,,,,,,,,,,
-3.0819,2.9762,,,,,,,,,,,,,,,,,
-3.0819,2.9563,,,,,,,,,,,,,,,,,
-3.0819,2.9563,,,,,,,,,,,,,,,,,
-3.0819,2.9762,,,,,,,,,,,,,,,,,
-3.0819,2.9561,,,,,,,,,,,,,,,,,
-3.0819,2.9566,,,,,,,,,,,,,,,,,
-3.0819,2.9938,,,,,,,,,,,,,,,,,
-3.0819,2.9784,,,,,,,,,,,,,,,,,
-3.0819,2.9762,,,,,,,,,,,,,,,,,
-3.0819,3.0159,,,,,,,,,,,,,,,,,
-3.0819,3.0159,,,,,,,,,,,,,,,,,
-3.0819,3.0357,,,,,,,,,,,,,,,,,
-3.0819,3.0159,,,,,,,,,,,,,,,,,
-3.0819,3.0357,,,,,,,,,,,,,,,,,
-3.0819,3.0556,,,,,,,,,,,,,,,,,
-3.0819,3.0355,,,,,,,,,,,,,,,,,
-3.0819,3.0161,,,,,,,,,,,,,,,,,
-3.0819,3.0357,,,,,,,,,,,,,,,,,
-3.0819,3.0159,,,,,,,,,,,,,,,,,
-3.0819,3.0159,,,,,,,,,,,,,,,,,
-3.0819,3.0159,,,,,,,,,,,,,,,,,
-3.0819,2.996,,,,,,,,,,,,,,,,,
-3.0819,2.996,,,,,,,,,,,,,,,,,
-3.0819,3.0159,,,,,,,,,,,,,,,,,
-3.0819,2.9754,,,,,,,,,,,,,,,,,
-3.0819,2.9955,,,,,,,,,,,,,,,,,
-3.0819,2.9772,,,,,,,,,,,,,,,,,
-3.0819,2.9566,,,,,,,,,,,,,,,,,
-3.0819,2.9563,,,,,,,,,,,,,,,,,
-3.0819,2.9762,,,,,,,,,,,,,,,,,
-3.0819,2.9563,,,,,,,,,,,,,,,,,
-3.0819,2.9563,,,,,,,,,,,,,,,,,
-3.0819,2.9563,,,,,,,,,,,,,,,,,
-3.0819,2.9762,,,,,,,,,,,,,,,,,
-3.0819,2.9759,,,,,,,,,,,,,,,,,
-3.0819,2.9764,,,,,,,,,,,,,,,,,
-3.0819,2.996,,,,,,,,,,,,,,,,,
-3.0819,2.996,,,,,,,,,,,,,,,,,
-3.0819,3.0159,,,,,,,,,,,,,,,,,
-3.0819,2.996,,,,,,,,,,,,,,,,,
-3.0819,3.0159,,,,,,,,,,,,,,,,,
-3.0819,3.0357,,,,,,,,,,,,,,,,,
-3.0819,3.0342,,,,,,,,,,,,,,,,,
-3.0819,3.0169,,,,,,,,,,,,,,,,,
-3.0819,3.0164,,,,,,,,,,,,,,,,,
-3.0819,3.0159,,,,,,,,,,,,,,,,,
-3.0819,3.0159,,,,,,,,,,,,,,,,,
-3.0819,2.996,,,,,,,,,,,,,,,,,
-3.0819,3.0159,,,,,,,,,,,,,,,,,
-3.0819,2.996,,,,,,,,,,,,,,,,,
-3.0819,2.996,,,,,,,,,,,,,,,,,
-3.0819,2.9759,,,,,,,,,,,,,,,,,
-3.0819,2.9764,,,,,,,,,,,,,,,,,
-3.0819,2.9762,,,,,,,,,,,,,,,,,
-3.0819,2.9762,,,,,,,,,,,,,,,,,
-3.0819,2.9365,,,,,,,,,,,,,,,,,
-3.0819,2.9563,,,,,,,,,,,,,,,,,
-3.0819,2.9563,,,,,,,,,,,,,,,,,
-3.0819,2.9365,,,,,,,,,,,,,,,,,
-3.0819,2.9762,,,,,,,,,,,,,,,,,
-3.0819,2.9561,,,,,,,,,,,,,,,,,
-3.0819,2.9745,,,,,,,,,,,,,,,,,
-3.0819,2.9583,,,,,,,,,,,,,,,,,
-3.0819,2.9762,,,,,,,,,,,,,,,,,
-3.0819,2.9762,,,,,,,,,,,,,,,,,
-3.0819,2.996,,,,,,,,,,,,,,,,,
-3.0819,2.996,,,,,,,,,,,,,,,,,
-3.0819,3.0159,,,,,,,,,,,,,,,,,
-3.0819,3.0159,,,,,,,,,,,,,,,,,
-3.0819,3.0357,,,,,,,,,,,,,,,,,
-3.0819,3.0355,,,,,,,,,,,,,,,,,
-3.0819,3.0558,,,,,,,,,,,,,,,,,
-3.0819,3.0556,,,,,,,,,,,,,,,,,
-3.0819,3.0556,,,,,,,,,,,,,,,,,
-3.0819,3.0754,,,,,,,,,,,,,,,,,
-3.0819,3.0556,,,,,,,,,,,,,,,,,
-3.0819,3.0754,,,,,,,,,,,,,,,,,
-3.0819,3.0357,,,,,,,,,,,,,,,,,
-3.0819,3.0556,,,,,,,,,,,,,,,,,
-3.0819,3.0357,,,,,,,,,,,,,,,,,
-3.0819,3.0156,,,,,,,,,,,,,,,,,
-3.0819,2.9963,,,,,,,,,,,,,,,,,
-3.0819,3.0139,,,,,,,,,,,,,,,,,
-3.0819,2.9782,,,,,,,,,,,,,,,,,
-3.0819,2.996,,,,,,,,,,,,,,,,,
-3.0819,2.996,,,,,,,,,,,,,,,,,
-3.0819,2.9762,,,,,,,,,,,,,,,,,
-3.0819,2.9762,,,,,,,,,,,,,,,,,
-3.0819,2.9762,,,,,,,,,,,,,,,,,
-3.0819,2.996,,,,,,,,,,,,,,,,,
-3.0819,2.996,,,,,,,,,,,,,,,,,
-3.0819,3.0156,,,,,,,,,,,,,,,,,
-3.0819,3.0161,,,,,,,,,,,,,,,,,
-3.0819,3.0159,,,,,,,,,,,,,,,,,
-3.0819,3.0159,,,,,,,,,,,,,,,,,
-3.0819,3.0159,,,,,,,,,,,,,,,,,
-3.0819,3.0357,,,,,,,,,,,,,,,,,
-3.0819,3.0357,,,,,,,,,,,,,,,,,
-3.0819,3.0159,,,,,,,,,,,,,,,,,
-3.0819,3.0556,,,,,,,,,,,,,,,,,
-3.0819,3.0355,,,,,,,,,,,,,,,,,
-3.0819,3.0161,,,,,,,,,,,,,,,,,
-3.0819,3.0159,,,,,,,,,,,,,,,,,
-3.0819,3.0139,,,,,,,,,,,,,,,,,
-3.0819,3.0179,,,,,,,,,,,,,,,,,
-3.0819,3.0159,,,,,,,,,,,,,,,,,
-3.0819,3.0159,,,,,,,,,,,,,,,,,
-3.0819,2.996,,,,,,,,,,,,,,,,,
-3.0819,2.9762,,,,,,,,,,,,,,,,,
-3.0819,2.996,,,,,,,,,,,,,,,,,
-3.0819,2.9563,,,,,,,,,,,,,,,,,
-3.0819,2.9563,,,,,,,,,,,,,,,,,
-3.0819,2.9759,,,,,,,,,,,,,,,,,
-3.0819,2.9764,,,,,,,,,,,,,,,,,
-3.0819,2.996,,,,,,,,,,,,,,,,,
-3.0819,2.9762,,,,,,,,,,,,,,,,,
-3.0819,2.996,,,,,,,,,,,,,,,,,
-3.0819,2.996,,,,,,,,,,,,,,,,,
-3.0819,3.0159,,,,,,,,,,,,,,,,,
-3.0819,3.0159,,,,,,,,,,,,,,,,,
-3.0819,3.0159,,,,,,,,,,,,,,,,,
-3.0819,3.0357,,,,,,,,,,,,,,,,,
-3.0819,3.0535,,,,,,,,,,,,,,,,,
-3.0819,3.0576,,,,,,,,,,,,,,,,,
-3.0819,3.0357,,,,,,,,,,,,,,,,,
-3.0819,3.0556,,,,,,,,,,,,,,,,,
-3.0819,3.0556,,,,,,,,,,,,,,,,,
-3.0819,3.0357,,,,,,,,,,,,,,,,,
-3.0819,3.0556,,,,,,,,,,,,,,,,,
-3.0819,3.0556,,,,,,,,,,,,,,,,,
-3.0819,3.0556,,,,,,,,,,,,,,,,,
-3.0819,3.0357,,,,,,,,,,,,,,,,,
-3.0819,3.0553,,,,,,,,,,,,,,,,,
-3.0819,3.036,,,,,,,,,,,,,,,,,
-3.0819,3.0159,,,,,,,,,,,,,,,,,
-3.0819,3.0357,,,,,,,,,,,,,,,,,
-3.0819,3.0159,,,,,,,,,,,,,,,,,
-3.0819,3.0159,,,,,,,,,,,,,,,,,
-3.0819,3.0149,,,,,,,,,,,,,,,,,
-3.0819,2.9965,,,,,,,,,,,,,,,,,
-3.0819,2.9767,,,,,,,,,,,,,,,,,
-3.0819,3.0136,,,,,,,,,,,,,,,,,
-3.0819,2.9784,,,,,,,,,,,,,,,,,
-3.0819,2.996,,,,,,,,,,,,,,,,,
-3.0819,2.996,,,,,,,,,,,,,,,,,
-3.0819,2.996,,,,,,,,,,,,,,,,,
-3.0819,2.996,,,,,,,,,,,,,,,,,
-3.0819,2.996,,,,,,,,,,,,,,,,,
-3.0819,3.0159,,,,,,,,,,,,,,,,,
-3.0819,3.0357,,,,,,,,,,,,,,,,,
-3.0819,3.0355,,,,,,,,,,,,,,,,,
-3.0819,3.0558,,,,,,,,,,,,,,,,,
-3.0819,3.0556,,,,,,,,,,,,,,,,,
-3.0819,3.0754,,,,,,,,,,,,,,,,,
-3.0819,3.0754,,,,,,,,,,,,,,,,,
-3.0819,3.0754,,,,,,,,,,,,,,,,,
-3.0819,3.0754,,,,,,,,,,,,,,,,,
-3.0819,3.0754,,,,,,,,,,,,,,,,,
-3.0819,3.0754,,,,,,,,,,,,,,,,,
-3.0819,3.0553,,,,,,,,,,,,,,,,,
-3.0819,3.0558,,,,,,,,,,,,,,,,,
-3.0819,3.0535,,,,,,,,,,,,,,,,,
-3.0819,3.0179,,,,,,,,,,,,,,,,,
-3.0819,3.0357,,,,,,,,,,,,,,,,,
-3.0819,3.0159,,,,,,,,,,,,,,,,,
-3.0819,3.0357,,,,,,,,,,,,,,,,,
-3.0819,3.0357,,,,,,,,,,,,,,,,,
-3.0819,3.0159,,,,,,,,,,,,,,,,,
-3.0819,3.0159,,,,,,,,,,,,,,,,,
-3.0819,3.0159,,,,,,,,,,,,,,,,,
-3.0819,2.9958,,,,,,,,,,,,,,,,,
-3.0819,2.9764,,,,,,,,,,,,,,,,,
-3.0819,2.996,,,,,,,,,,,,,,,,,
-3.0819,2.9762,,,,,,,,,,,,,,,,,
-3.0819,2.9762,,,,,,,,,,,,,,,,,
-3.0819,3.0159,,,,,,,,,,,,,,,,,
-3.0819,2.996,,,,,,,,,,,,,,,,,
-3.0819,3.0159,,,,,,,,,,,,,,,,,
-3.0819,3.0159,,,,,,,,,,,,,,,,,
-3.0819,3.0543,,,,,,,,,,,,,,,,,
-3.0819,3.0563,,,,,,,,,,,,,,,,,
-3.0819,3.0558,,,,,,,,,,,,,,,,,
-3.0819,3.0558,,,,,,,,,,,,,,,,,
-3.0819,3.0754,,,,,,,,,,,,,,,,,
-3.0819,3.0754,,,,,,,,,,,,,,,,,
-3.0819,3.0754,,,,,,,,,,,,,,,,,
-3.0819,3.0556,,,,,,,,,,,,,,,,,
-3.0819,3.0556,,,,,,,,,,,,,,,,,
-3.0819,3.0556,,,,,,,,,,,,,,,,,
-3.0819,3.0553,,,,,,,,,,,,,,,,,
-3.0819,3.0558,,,,,,,,,,,,,,,,,
-3.0819,3.0357,,,,,,,,,,,,,,,,,
-3.0819,3.0357,,,,,,,,,,,,,,,,,
-3.0819,3.0357,,,,,,,,,,,,,,,,,
-3.0819,3.0357,,,,,,,,,,,,,,,,,
-3.0819,3.0159,,,,,,,,,,,,,,,,,
-3.0819,3.0159,,,,,,,,,,,,,,,,,
-3.0819,2.996,,,,,,,,,,,,,,,,,
-3.0819,2.996,,,,,,,,,,,,,,,,,
-3.0819,2.9958,,,,,,,,,,,,,,,,,
-3.0819,2.9764,,,,,,,,,,,,,,,,,
-3.0819,2.994,,,,,,,,,,,,,,,,,
-3.0819,2.9583,,,,,,,,,,,,,,,,,
-3.0819,2.9762,,,,,,,,,,,,,,,,,
-3.0819,2.996,,,,,,,,,,,,,,,,,
-3.0819,2.996,,,,,,,,,,,,,,,,,
-3.0819,3.0159,,,,,,,,,,,,,,,,,
-3.0819,3.0159,,,,,,,,,,,,,,,,,
-3.0819,3.0357,,,,,,,,,,,,,,,,,
-3.0819,3.0556,,,,,,,,,,,,,,,,,
-3.0819,3.0553,,,,,,,,,,,,,,,,,
-3.0819,3.0558,,,,,,,,,,,,,,,,,
-3.0819,3.0556,,,,,,,,,,,,,,,,,
-3.0819,3.0556,,,,,,,,,,,,,,,,,
-3.0819,3.0357,,,,,,,,,,,,,,,,,
-3.0819,3.0357,,,,,,,,,,,,,,,,,
-3.0819,3.0357,,,,,,,,,,,,,,,,,
-3.0819,3.0357,,,,,,,,,,,,,,,,,
-3.0819,3.0159,,,,,,,,,,,,,,,,,
-3.0819,3.0156,,,,,,,,,,,,,,,,,
-3.0819,3.0161,,,,,,,,,,,,,,,,,
-3.0819,3.0139,,,,,,,,,,,,,,,,,
-3.0819,2.998,,,,,,,,,,,,,,,,,
-3.0819,2.9563,,,,,,,,,,,,,,,,,
-3.0819,2.9563,,,,,,,,,,,,,,,,,
-3.0819,2.9563,,,,,,,,,,,,,,,,,
-3.0819,2.9563,,,,,,,,,,,,,,,,,
-3.0819,2.9563,,,,,,,,,,,,,,,,,
-3.0819,2.9365,,,,,,,,,,,,,,,,,
-3.0819,2.9365,,,,,,,,,,,,,,,,,
-3.0819,2.9561,,,,,,,,,,,,,,,,,
-3.0819,2.9566,,,,,,,,,,,,,,,,,
-3.0819,2.9365,,,,,,,,,,,,,,,,,
-3.0819,2.9563,,,,,,,,,,,,,,,,,
-3.0819,2.9563,,,,,,,,,,,,,,,,,
-3.0819,2.996,,,,,,,,,,,,,,,,,
-3.0819,2.996,,,,,,,,,,,,,,,,,
-3.0819,3.0159,,,,,,,,,,,,,,,,,
-3.0819,3.0357,,,,,,,,,,,,,,,,,
-3.0819,3.0543,,,,,,,,,,,,,,,,,
-3.0819,3.0563,,,,,,,,,,,,,,,,,
-3.0819,3.0757,,,,,,,,,,,,,,,,,
-3.0819,3.036,,,,,,,,,,,,,,,,,
-3.0819,3.0754,,,,,,,,,,,,,,,,,
-3.0819,3.0357,,,,,,,,,,,,,,,,,
-3.0819,3.0556,,,,,,,,,,,,,,,,,
-3.0819,3.0357,,,,,,,,,,,,,,,,,
-3.0819,3.0357,,,,,,,,,,,,,,,,,
-3.0819,3.0159,,,,,,,,,,,,,,,,,
-3.0819,3.0156,,,,,,,,,,,,,,,,,
-3.0819,3.0161,,,,,,,,,,,,,,,,,
-3.0819,2.996,,,,,,,,,,,,,,,,,
-3.0819,2.996,,,,,,,,,,,,,,,,,
-3.0819,2.9563,,,,,,,,,,,,,,,,,
-3.0819,2.9563,,,,,,,,,,,,,,,,,
-3.0819,2.9563,,,,,,,,,,,,,,,,,
-3.0819,2.9365,,,,,,,,,,,,,,,,,
-3.0819,2.9563,,,,,,,,,,,,,,,,,
-3.0819,2.9563,,,,,,,,,,,,,,,,,
-3.0819,2.9561,,,,,,,,,,,,,,,,,
-3.0819,2.9764,,,,,,,,,,,,,,,,,
-3.0819,2.9742,,,,,,,,,,,,,,,,,
-3.0819,2.9782,,,,,,,,,,,,,,,,,
-3.0819,2.996,,,,,,,,,,,,,,,,,
-3.0819,2.996,,,,,,,,,,,,,,,,,
-3.0819,3.0159,,,,,,,,,,,,,,,,,
-3.0819,3.0357,,,,,,,,,,,,,,,,,
-3.0819,3.0357,,,,,,,,,,,,,,,,,
-3.0819,3.0159,,,,,,,,,,,,,,,,,
-3.0819,3.0556,,,,,,,,,,,,,,,,,
-3.0819,3.0355,,,,,,,,,,,,,,,,,
-3.0819,3.036,,,,,,,,,,,,,,,,,
-3.0819,3.0357,,,,,,,,,,,,,,,,,
-3.0819,3.0357,,,,,,,,,,,,,,,,,
-3.0819,3.0159,,,,,,,,,,,,,,,,,
-3.0819,3.0357,,,,,,,,,,,,,,,,,
-3.0819,3.0159,,,,,,,,,,,,,,,,,
-3.0819,3.0159,,,,,,,,,,,,,,,,,
-3.0819,3.0139,,,,,,,,,,,,,,,,,
-3.0819,2.998,,,,,,,,,,,,,,,,,
-3.0819,2.9563,,,,,,,,,,,,,,,,,
-3.0819,2.9762,,,,,,,,,,,,,,,,,
-3.0819,2.9563,,,,,,,,,,,,,,,,,
-3.0819,2.9563,,,,,,,,,,,,,,,,,
-3.0819,2.9563,,,,,,,,,,,,,,,,,
-3.0819,2.9563,,,,,,,,,,,,,,,,,
-3.0819,2.9563,,,,,,,,,,,,,,,,,
-3.0819,2.9561,,,,,,,,,,,,,,,,,
-3.0819,2.9764,,,,,,,,,,,,,,,,,
-3.0819,2.9762,,,,,,,,,,,,,,,,,
-3.0819,2.9762,,,,,,,,,,,,,,,,,
-3.0819,2.996,,,,,,,,,,,,,,,,,
-3.0819,2.996,,,,,,,,,,,,,,,,,
-3.0819,3.0159,,,,,,,,,,,,,,,,,
-3.0819,3.0159,,,,,,,,,,,,,,,,,
-3.0819,3.0357,,,,,,,,,,,,,,,,,
-3.0819,3.0337,,,,,,,,,,,,,,,,,
-3.0819,3.0377,,,,,,,,,,,,,,,,,
-3.0819,3.0159,,,,,,,,,,,,,,,,,
-3.0819,3.0556,,,,,,,,,,,,,,,,,
-3.0819,3.0357,,,,,,,,,,,,,,,,,
-3.0819,3.0357,,,,,,,,,,,,,,,,,
-3.0819,3.0159,,,,,,,,,,,,,,,,,
-3.0819,3.0159,,,,,,,,,,,,,,,,,
-3.0819,2.996,,,,,,,,,,,,,,,,,
-3.0819,2.9958,,,,,,,,,,,,,,,,,
-3.0819,2.9764,,,,,,,,,,,,,,,,,
-3.0819,2.9762,,,,,,,,,,,,,,,,,
-3.0819,2.9762,,,,,,,,,,,,,,,,,
-3.0819,2.9762,,,,,,,,,,,,,,,,,
-3.0819,2.9762,,,,,,,,,,,,,,,,,
-3.0819,2.9762,,,,,,,,,,,,,,,,,
-3.0819,2.9762,,,,,,,,,,,,,,,,,
-3.0819,2.9762,,,,,,,,,,,,,,,,,
-3.0819,2.9759,,,,,,,,,,,,,,,,,
-3.0819,2.9566,,,,,,,,,,,,,,,,,
-3.0819,2.994,,,,,,,,,,,,,,,,,
-3.0819,2.9782,,,,,,,,,,,,,,,,,
-3.0819,2.9762,,,,,,,,,,,,,,,,,
-3.0819,2.9762,,,,,,,,,,,,,,,,,
-3.0819,3.0159,,,,,,,,,,,,,,,,,
-3.0819,3.0159,,,,,,,,,,,,,,,,,
-3.0819,3.0357,,,,,,,,,,,,,,,,,
-3.0819,3.0357,,,,,,,,,,,,,,,,,
-3.0819,3.0556,,,,,,,,,,,,,,,,,
-3.0819,3.0553,,,,,,,,,,,,,,,,,
-3.0819,3.0757,,,,,,,,,,,,,,,,,
-3.0819,3.0357,,,,,,,,,,,,,,,,,
-3.0819,3.0556,,,,,,,,,,,,,,,,,
-3.0819,3.0357,,,,,,,,,,,,,,,,,
-3.0819,3.0556,,,,,,,,,,,,,,,,,
-3.0819,3.0159,,,,,,,,,,,,,,,,,
-3.0819,3.0159,,,,,,,,,,,,,,,,,
-3.0819,3.0337,,,,,,,,,,,,,,,,,
-3.0819,2.998,,,,,,,,,,,,,,,,,
-3.0819,2.9762,,,,,,,,,,,,,,,,,
-3.0819,2.9762,,,,,,,,,,,,,,,,,
-3.0819,2.9762,,,,,,,,,,,,,,,,,
-3.0819,2.9563,,,,,,,,,,,,,,,,,
-3.0819,2.9365,,,,,,,,,,,,,,,,,
-3.0819,2.9563,,,,,,,,,,,,,,,,,
-3.0819,2.9365,,,,,,,,,,,,,,,,,
-3.0819,2.9561,,,,,,,,,,,,,,,,,
-3.0819,2.9368,,,,,,,,,,,,,,,,,
-3.0819,2.9563,,,,,,,,,,,,,,,,,
-3.0819,2.9563,,,,,,,,,,,,,,,,,
-3.0819,2.9762,,,,,,,,,,,,,,,,,
-3.0819,2.9762,,,,,,,,,,,,,,,,,
-3.0819,2.996,,,,,,,,,,,,,,,,,
-3.0819,2.996,,,,,,,,,,,,,,,,,
-3.0819,2.996,,,,,,,,,,,,,,,,,
-3.0819,3.0159,,,,,,,,,,,,,,,,,
-3.0819,3.0337,,,,,,,,,,,,,,,,,
-3.0819,3.0377,,,,,,,,,,,,,,,,,
-3.0819,3.0159,,,,,,,,,,,,,,,,,
-3.0819,3.0357,,,,,,,,,,,,,,,,,
-3.0819,3.0556,,,,,,,,,,,,,,,,,
-3.0819,3.0357,,,,,,,,,,,,,,,,,
-3.0819,3.0357,,,,,,,,,,,,,,,,,
-3.0819,3.0357,,,,,,,,,,,,,,,,,
-3.0819,3.0159,,,,,,,,,,,,,,,,,
-3.0819,2.996,,,,,,,,,,,,,,,,,
-3.0819,3.0156,,,,,,,,,,,,,,,,,
-3.0819,2.9764,,,,,,,,,,,,,,,,,
-3.0819,2.996,,,,,,,,,,,,,,,,,
-3.0819,2.9762,,,,,,,,,,,,,,,,,
-3.0819,2.9762,,,,,,,,,,,,,,,,,
-3.0819,2.9762,,,,,,,,,,,,,,,,,
-3.0819,2.9563,,,,,,,,,,,,,,,,,
-3.0819,2.9762,,,,,,,,,,,,,,,,,
-3.0819,2.9563,,,,,,,,,,,,,,,,,
-3.0819,2.9561,,,,,,,,,,,,,,,,,
-3.0819,2.9745,,,,,,,,,,,,,,,,,
-3.0819,2.9782,,,,,,,,,,,,,,,,,
-3.0819,2.9762,,,,,,,,,,,,,,,,,
-3.0819,2.996,,,,,,,,,,,,,,,,,
-3.0819,3.0159,,,,,,,,,,,,,,,,,
-3.0819,3.0159,,,,,,,,,,,,,,,,,
-3.0819,3.0159,,,,,,,,,,,,,,,,,
-3.0819,3.0357,,,,,,,,,,,,,,,,,
-3.0819,3.0556,,,,,,,,,,,,,,,,,
-3.0819,3.0355,,,,,,,,,,,,,,,,,
-3.0819,3.0558,,,,,,,,,,,,,,,,,
-3.0819,3.0556,,,,,,,,,,,,,,,,,
-3.0819,3.0556,,,,,,,,,,,,,,,,,
-3.0819,3.0357,,,,,,,,,,,,,,,,,
-3.0819,3.0357,,,,,,,,,,,,,,,,,
-3.0819,3.0159,,,,,,,,,,,,,,,,,
-3.0819,3.0159,,,,,,,,,,,,,,,,,
-3.0819,3.0144,,,,,,,,,,,,,,,,,
-3.0819,2.997,,,,,,,,,,,,,,,,,
-3.0819,2.9963,,,,,,,,,,,,,,,,,
-3.0819,2.9764,,,,,,,,,,,,,,,,,
-3.0819,2.9563,,,,,,,,,,,,,,,,,
-3.0819,2.9563,,,,,,,,,,,,,,,,,
-3.0819,2.9563,,,,,,,,,,,,,,,,,
-3.0819,2.9365,,,,,,,,,,,,,,,,,
-3.0819,2.9563,,,,,,,,,,,,,,,,,
-3.0819,2.9365,,,,,,,,,,,,,,,,,
-3.0819,2.936,,,,,,,,,,,,,,,,,
-3.0819,2.9747,,,,,,,,,,,,,,,,,
-3.0819,2.9372,,,,,,,,,,,,,,,,,
-3.0819,2.9576,,,,,,,,,,,,,,,,,
-3.0819,2.9762,,,,,,,,,,,,,,,,,
-3.0819,2.9762,,,,,,,,,,,,,,,,,
-3.0819,2.9762,,,,,,,,,,,,,,,,,
-3.0819,2.996,,,,,,,,,,,,,,,,,
-3.0819,2.996,,,,,,,,,,,,,,,,,
-3.0819,3.0151,,,,,,,,,,,,,,,,,
-3.0819,3.0347,,,,,,,,,,,,,,,,,
-3.0819,2.9767,,,,,,,,,,,,,,,,,
-3.0819,3.0169,,,,,,,,,,,,,,,,,
-3.0819,2.9764,,,,,,,,,,,,,,,,,
-3.0819,3.0159,,,,,,,,,,,,,,,,,
-3.0819,2.996,,,,,,,,,,,,,,,,,
-3.0819,2.996,,,,,,,,,,,,,,,,,
-3.0819,2.9762,,,,,,,,,,,,,,,,,
-3.0819,2.996,,,,,,,,,,,,,,,,,
-3.0819,2.9762,,,,,,,,,,,,,,,,,
-3.0819,2.9757,,,,,,,,,,,,,,,,,
-3.0819,2.9568,,,,,,,,,,,,,,,,,
-3.0819,2.9762,,,,,,,,,,,,,,,,,
-3.0819,2.9365,,,,,,,,,,,,,,,,,
-3.0819,2.9563,,,,,,,,,,,,,,,,,
-3.0819,2.9365,,,,,,,,,,,,,,,,,
-3.0819,2.9563,,,,,,,,,,,,,,,,,
-3.0819,2.9365,,,,,,,,,,,,,,,,,
-3.0819,2.9544,,,,,,,,,,,,,,,,,
-3.0819,2.9583,,,,,,,,,,,,,,,,,
-3.0819,2.9365,,,,,,,,,,,,,,,,,
-3.0819,2.9563,,,,,,,,,,,,,,,,,
-3.0819,2.9762,,,,,,,,,,,,,,,,,
-3.0819,2.9762,,,,,,,,,,,,,,,,,
-3.0819,2.996,,,,,,,,,,,,,,,,,
-3.0819,2.9762,,,,,,,,,,,,,,,,,
-3.0819,2.9762,,,,,,,,,,,,,,,,,
-3.0819,3.0156,,,,,,,,,,,,,,,,,
-3.0819,2.9963,,,,,,,,,,,,,,,,,
-3.0819,2.996,,,,,,,,,,,,,,,,,
-3.0819,3.0159,,,,,,,,,,,,,,,,,
-3.0819,2.996,,,,,,,,,,,,,,,,,
-3.0819,2.996,,,,,,,,,,,,,,,,,
-3.0819,2.996,,,,,,,,,,,,,,,,,
-3.0819,2.9762,,,,,,,,,,,,,,,,,
-3.0819,2.9762,,,,,,,,,,,,,,,,,
-3.0819,2.9759,,,,,,,,,,,,,,,,,
-3.0819,2.9745,,,,,,,,,,,,,,,,,
-3.0819,2.9583,,,,,,,,,,,,,,,,,
-3.0819,2.9563,,,,,,,,,,,,,,,,,
-3.0819,2.9563,,,,,,,,,,,,,,,,,
-3.0819,2.9365,,,,,,,,,,,,,,,,,
-3.0819,2.9365,,,,,,,,,,,,,,,,,
-3.0819,2.9365,,,,,,,,,,,,,,,,,
-3.0819,2.9365,,,,,,,,,,,,,,,,,
-3.0819,2.9167,,,,,,,,,,,,,,,,,
-3.0819,2.9164,,,,,,,,,,,,,,,,,
-3.0819,2.9368,,,,,,,,,,,,,,,,,
-3.0819,2.9365,,,,,,,,,,,,,,,,,
-3.0819,2.9563,,,,,,,,,,,,,,,,,
-3.0819,2.9563,,,,,,,,,,,,,,,,,
-3.0819,2.9563,,,,,,,,,,,,,,,,,
-3.0819,2.9762,,,,,,,,,,,,,,,,,
-3.0819,2.9762,,,,,,,,,,,,,,,,,
-3.0819,2.994,,,,,,,,,,,,,,,,,
-3.0819,2.998,,,,,,,,,,,,,,,,,
-3.0819,2.996,,,,,,,,,,,,,,,,,
-3.0819,3.0159,,,,,,,,,,,,,,,,,
-3.0819,3.0159,,,,,,,,,,,,,,,,,
-3.0819,3.0159,,,,,,,,,,,,,,,,,
-3.0819,3.0159,,,,,,,,,,,,,,,,,
-3.0819,3.0357,,,,,,,,,,,,,,,,,
-3.0819,3.0159,,,,,,,,,,,,,,,,,
-3.0819,3.0156,,,,,,,,,,,,,,,,,
-3.0819,3.0161,,,,,,,,,,,,,,,,,
-3.0819,2.996,,,,,,,,,,,,,,,,,
-3.0819,2.996,,,,,,,,,,,,,,,,,
-3.0819,2.9762,,,,,,,,,,,,,,,,,
-3.0819,2.9762,,,,,,,,,,,,,,,,,
-3.0819,2.9563,,,,,,,,,,,,,,,,,
-3.0819,2.9563,,,,,,,,,,,,,,,,,
-3.0819,2.9563,,,,,,,,,,,,,,,,,
-3.0819,2.9365,,,,,,,,,,,,,,,,,
-3.0819,2.9561,,,,,,,,,,,,,,,,,
-3.0819,2.9546,,,,,,,,,,,,,,,,,
-3.0819,2.9385,,,,,,,,,,,,,,,,,
-3.0819,2.9365,,,,,,,,,,,,,,,,,
-3.0819,2.9563,,,,,,,,,,,,,,,,,
-3.0819,2.9365,,,,,,,,,,,,,,,,,
-3.0819,2.9563,,,,,,,,,,,,,,,,,
-3.0819,2.9762,,,,,,,,,,,,,,,,,
-3.0819,2.9563,,,,,,,,,,,,,,,,,
-3.0819,2.9762,,,,,,,,,,,,,,,,,
-3.0819,2.9958,,,,,,,,,,,,,,,,,
-3.0819,2.9963,,,,,,,,,,,,,,,,,
-3.0819,3.0159,,,,,,,,,,,,,,,,,
-3.0819,3.0159,,,,,,,,,,,,,,,,,
-3.0819,3.0159,,,,,,,,,,,,,,,,,
-3.0819,3.0159,,,,,,,,,,,,,,,,,
-3.0819,3.0556,,,,,,,,,,,,,,,,,
-3.0819,3.0159,,,,,,,,,,,,,,,,,
-3.0819,3.0357,,,,,,,,,,,,,,,,,
-3.0819,3.0357,,,,,,,,,,,,,,,,,
-3.0819,3.0355,,,,,,,,,,,,,,,,,
-3.0819,3.0161,,,,,,,,,,,,,,,,,
-3.0819,3.0146,,,,,,,,,,,,,,,,,
-3.0819,2.9968,,,,,,,,,,,,,,,,,
-3.0819,2.9764,,,,,,,,,,,,,,,,,
-3.0819,2.9764,,,,,,,,,,,,,,,,,
-3.0819,2.9762,,,,,,,,,,,,,,,,,
-3.0819,2.9762,,,,,,,,,,,,,,,,,
-3.0819,2.9762,,,,,,,,,,,,,,,,,
-3.0819,2.9762,,,,,,,,,,,,,,,,,
-3.0819,2.996,,,,,,,,,,,,,,,,,
-3.0819,2.996,,,,,,,,,,,,,,,,,
-3.0819,2.9757,,,,,,,,,,,,,,,,,
-3.0819,3.0164,,,,,,,,,,,,,,,,,
-3.0819,2.9762,,,,,,,,,,,,,,,,,
-3.0819,2.996,,,,,,,,,,,,,,,,,
-3.0819,2.996,,,,,,,,,,,,,,,,,
-3.0819,3.0159,,,,,,,,,,,,,,,,,
-3.0819,3.0159,,,,,,,,,,,,,,,,,
-3.0819,3.0337,,,,,,,,,,,,,,,,,
-3.0819,3.0179,,,,,,,,,,,,,,,,,
-3.0819,3.0357,,,,,,,,,,,,,,,,,
-3.0819,3.0357,,,,,,,,,,,,,,,,,
-3.0819,3.0357,,,,,,,,,,,,,,,,,
-3.0819,3.0556,,,,,,,,,,,,,,,,,
-3.0819,3.0357,,,,,,,,,,,,,,,,,
-3.0819,3.0357,,,,,,,,,,,,,,,,,
-3.0819,3.0159,,,,,,,,,,,,,,,,,
-3.0819,3.0355,,,,,,,,,,,,,,,,,
-3.0819,3.0161,,,,,,,,,,,,,,,,,
-3.0819,2.996,,,,,,,,,,,,,,,,,
-3.0819,2.996,,,,,,,,,,,,,,,,,
-3.0819,2.996,,,,,,,,,,,,,,,,,
-3.0819,2.9762,,,,,,,,,,,,,,,,,
-3.0819,2.996,,,,,,,,,,,,,,,,,
-3.0819,2.9563,,,,,,,,,,,,,,,,,
-3.0819,2.9762,,,,,,,,,,,,,,,,,
-3.0819,2.9561,,,,,,,,,,,,,,,,,
-3.0819,2.9566,,,,,,,,,,,,,,,,,
-3.0819,2.9563,,,,,,,,,,,,,,,,,
-3.0819,2.9762,,,,,,,,,,,,,,,,,
-3.0819,2.994,,,,,,,,,,,,,,,,,
-3.0819,2.9782,,,,,,,,,,,,,,,,,
-3.0819,2.9762,,,,,,,,,,,,,,,,,
-3.0819,3.0159,,,,,,,,,,,,,,,,,
-3.0819,3.0159,,,,,,,,,,,,,,,,,
-3.0819,3.0159,,,,,,,,,,,,,,,,,
-3.0819,3.0159,,,,,,,,,,,,,,,,,
-3.0819,3.0159,,,,,,,,,,,,,,,,,
-3.0819,3.0159,,,,,,,,,,,,,,,,,
-3.0819,3.0553,,,,,,,,,,,,,,,,,
-3.0819,3.0161,,,,,,,,,,,,,,,,,
-3.0819,3.0556,,,,,,,,,,,,,,,,,
-3.0819,3.0357,,,,,,,,,,,,,,,,,
-3.0819,3.0357,,,,,,,,,,,,,,,,,
-3.0819,3.0357,,,,,,,,,,,,,,,,,
-3.0819,3.0357,,,,,,,,,,,,,,,,,
-3.0819,3.0159,,,,,,,,,,,,,,,,,
-3.0819,2.996,,,,,,,,,,,,,,,,,
-3.0819,2.9762,,,,,,,,,,,,,,,,,
-3.0819,2.9958,,,,,,,,,,,,,,,,,
-3.0819,2.9764,,,,,,,,,,,,,,,,,
-3.0819,2.9762,,,,,,,,,,,,,,,,,
-3.0819,2.9563,,,,,,,,,,,,,,,,,
3.0819,2.9742,,,,,,,,,,,,,,,,,
3.0819,2.6804,,,,,,,,,,,,,,,,,
3.0819,2.1429,,,,,,,,,,,,,,,,,
3.0819,1.5675,,,,,,,,,,,,,,,,,
3.0819,0.9127,,,,,,,,,,,,,,,,,
3.0819,0.1786,,,,,,,,,,,,,,,,,
3.0819,-0.5952,,,,,,,,,,,,,,,,,
3.0819,-1.2698,,,,,,,,,,,,,,,,,
3.0819,-1.8254,,,,,,,,,,,,,,,,,
3.0819,-2.2419,,,,,,,,,,,,,,,,,
3.0819,-2.5002,,,,,,,,,,,,,,,,,
3.0819,-2.6786,,,,,,,,,,,,,,,,,
3.0819,-2.7778,,,,,,,,,,,,,,,,,
3.0819,-2.8373,,,,,,,,,,,,,,,,,
3.0819,-2.877,,,,,,,,,,,,,,,,,
3.0819,-2.9167,,,,,,,,,,,,,,,,,
3.0819,-2.9563,,,,,,,,,,,,,,,,,
3.0819,-2.9762,,,,,,,,,,,,,,,,,
3.0819,-3.0146,,,,,,,,,,,,,,,,,
3.0819,-3.0166,,,,,,,,,,,,,,,,,
3.0819,-3.0161,,,,,,,,,,,,,,,,,
3.0819,-3.0558,,,,,,,,,,,,,,,,,
3.0819,-3.0556,,,,,,,,,,,,,,,,,
3.0819,-3.0556,,,,,,,,,,,,,,,,,
3.0819,-3.0556,,,,,,,,,,,,,,,,,
3.0819,-3.0952,,,,,,,,,,,,,,,,,
3.0819,-3.0754,,,,,,,,,,,,,,,,,
3.0819,-3.1151,,,,,,,,,,,,,,,,,
3.0819,-3.095,,,,,,,,,,,,,,,,,
3.0819,-3.1153,,,,,,,,,,,,,,,,,
3.0819,-3.0952,,,,,,,,,,,,,,,,,
3.0819,-3.1151,,,,,,,,,,,,,,,,,
3.0819,-3.0952,,,,,,,,,,,,,,,,,
3.0819,-3.0754,,,,,,,,,,,,,,,,,
3.0819,-3.0754,,,,,,,,,,,,,,,,,
3.0819,-3.0556,,,,,,,,,,,,,,,,,
3.0819,-3.0535,,,,,,,,,,,,,,,,,
3.0819,-2.998,,,,,,,,,,,,,,,,,
3.0819,-2.996,,,,,,,,,,,,,,,,,
3.0819,-2.996,,,,,,,,,,,,,,,,,
3.0819,-2.996,,,,,,,,,,,,,,,,,
3.0819,-2.9762,,,,,,,,,,,,,,,,,
3.0819,-2.996,,,,,,,,,,,,,,,,,
3.0819,-2.9762,,,,,,,,,,,,,,,,,
3.0819,-2.996,,,,,,,,,,,,,,,,,
3.0819,-3.0156,,,,,,,,,,,,,,,,,
3.0819,-2.9963,,,,,,,,,,,,,,,,,
3.0819,-3.0159,,,,,,,,,,,,,,,,,
3.0819,-3.0159,,,,,,,,,,,,,,,,,
3.0819,-3.0357,,,,,,,,,,,,,,,,,
3.0819,-3.0357,,,,,,,,,,,,,,,,,
3.0819,-3.0556,,,,,,,,,,,,,,,,,
3.0819,-3.0733,,,,,,,,,,,,,,,,,
3.0819,-3.0576,,,,,,,,,,,,,,,,,
3.0819,-3.0754,,,,,,,,,,,,,,,,,
3.0819,-3.0754,,,,,,,,,,,,,,,,,
3.0819,-3.0754,,,,,,,,,,,,,,,,,
3.0819,-3.0754,,,,,,,,,,,,,,,,,
3.0819,-3.0754,,,,,,,,,,,,,,,,,
3.0819,-3.0556,,,,,,,,,,,,,,,,,
3.0819,-3.0556,,,,,,,,,,,,,,,,,
3.0819,-3.0553,,,,,,,,,,,,,,,,,
3.0819,-3.0558,,,,,,,,,,,,,,,,,
3.0819,-3.0357,,,,,,,,,,,,,,,,,
3.0819,-3.0357,,,,,,,,,,,,,,,,,
3.0819,-3.0159,,,,,,,,,,,,,,,,,
3.0819,-3.0159,,,,,,,,,,,,,,,,,
3.0819,-3.0139,,,,,,,,,,,,,,,,,
3.0819,-2.9782,,,,,,,,,,,,,,,,,
3.0819,-2.996,,,,,,,,,,,,,,,,,
3.0819,-2.996,,,,,,,,,,,,,,,,,
3.0819,-2.996,,,,,,,,,,,,,,,,,
3.0819,-2.996,,,,,,,,,,,,,,,,,
3.0819,-3.0159,,,,,,,,,,,,,,,,,
3.0819,-3.0357,,,,,,,,,,,,,,,,,
3.0819,-3.0357,,,,,,,,,,,,,,,,,
3.0819,-3.0553,,,,,,,,,,,,,,,,,
3.0819,-3.0558,,,,,,,,,,,,,,,,,
3.0819,-3.0754,,,,,,,,,,,,,,,,,
3.0819,-3.0754,,,,,,,,,,,,,,,,,
3.0819,-3.0952,,,,,,,,,,,,,,,,,
3.0819,-3.0952,,,,,,,,,,,,,,,,,
3.0819,-3.1146,,,,,,,,,,,,,,,,,
3.0819,-3.0945,,,,,,,,,,,,,,,,,
3.0819,-3.0767,,,,,,,,,,,,,,,,,
3.0819,-3.0932,,,,,,,,,,,,,,,,,
3.0819,-3.0568,,,,,,,,,,,,,,,,,
3.0819,-3.0563,,,,,,,,,,,,,,,,,
3.0819,-3.0556,,,,,,,,,,,,,,,,,
3.0819,-3.0556,,,,,,,,,,,,,,,,,
3.0819,-3.0159,,,,,,,,,,,,,,,,,
3.0819,-3.0159,,,,,,,,,,,,,,,,,
3.0819,-3.0159,,,,,,,,,,,,,,,,,
3.0819,-2.996,,,,,,,,,,,,,,,,,
3.0819,-3.0156,,,,,,,,,,,,,,,,,
3.0819,-2.9963,,,,,,,,,,,,,,,,,
3.0819,-3.0159,,,,,,,,,,,,,,,,,
3.0819,-3.0159,,,,,,,,,,,,,,,,,
3.0819,-3.0159,,,,,,,,,,,,,,,,,
3.0819,-3.0159,,,,,,,,,,,,,,,,,
3.0819,-3.0357,,,,,,,,,,,,,,,,,
3.0819,-3.0344,,,,,,,,,,,,,,,,,
3.0819,-3.0362,,,,,,,,,,,,,,,,,
3.0819,-3.0166,,,,,,,,,,,,,,,,,
3.0819,-3.0159,,,,,,,,,,,,,,,,,
3.0819,-3.0357,,,,,,,,,,,,,,,,,
3.0819,-3.0159,,,,,,,,,,,,,,,,,
3.0819,-3.0159,,,,,,,,,,,,,,,,,
3.0819,-3.0159,,,,,,,,,,,,,,,,,
3.0819,-3.0159,,,,,,,,,,,,,,,,,
3.0819,-2.9958,,,,,,,,,,,,,,,,,
3.0819,-3.0161,,,,,,,,,,,,,,,,,
3.0819,-3.0357,,,,,,,,,,,,,,,,,
3.0819,-3.0159,,,,,,,,,,,,,,,,,
3.0819,-3.0159,,,,,,,,,,,,,,,,,
3.0819,-3.0159,,,,,,,,,,,,,,,,,
3.0819,-3.0159,,,,,,,,,,,,,,,,,
3.0819,-3.0146,,,,,,,,,,,,,,,,,
3.0819,-2.9965,,,,,,,,,,,,,,,,,
3.0819,-2.9769,,,,,,,,,,,,,,,,,
3.0819,-2.9762,,,,,,,,,,,,,,,,,
3.0819,-2.9762,,,,,,,,,,,,,,,,,
3.0819,-2.9762,,,,,,,,,,,,,,,,,
3.0819,-2.9762,,,,,,,,,,,,,,,,,
3.0819,-2.9563,,,,,,,,,,,,,,,,,
3.0819,-2.9762,,,,,,,,,,,,,,,,,
3.0819,-2.9759,,,,,,,,,,,,,,,,,
3.0819,-2.9963,,,,,,,,,,,,,,,,,
3.0819,-2.996,,,,,,,,,,,,,,,,,
3.0819,-2.996,,,,,,,,,,,,,,,,,
3.0819,-3.0159,,,,,,,,,,,,,,,,,
3.0819,-3.0159,,,,,,,,,,,,,,,,,
3.0819,-3.0159,,,,,,,,,,,,,,,,,
3.0819,-3.0159,,,,,,,,,,,,,,,,,
3.0819,-3.0159,,,,,,,,,,,,,,,,,
3.0819,-3.0337,,,,,,,,,,,,,,,,,
3.0819,-3.0377,,,,,,,,,,,,,,,,,
3.0819,-3.0357,,,,,,,,,,,,,,,,,
3.0819,-3.0357,,,,,,,,,,,,,,,,,
3.0819,-3.0556,,,,,,,,,,,,,,,,,
3.0819,-3.0556,,,,,,,,,,,,,,,,,
3.0819,-3.0556,,,,,,,,,,,,,,,,,
3.0819,-3.0556,,,,,,,,,,,,,,,,,
3.0819,-3.0556,,,,,,,,,,,,,,,,,
3.0819,-3.0553,,,,,,,,,,,,,,,,,
3.0819,-3.036,,,,,,,,,,,,,,,,,
3.0819,-3.0159,,,,,,,,,,,,,,,,,
3.0819,-3.0159,,,,,,,,,,,,,,,,,
3.0819,-2.996,,,,,,,,,,,,,,,,,
3.0819,-3.0159,,,,,,,,,,,,,,,,,
3.0819,-2.995,,,,,,,,,,,,,,,,,
3.0819,-2.9958,,,,,,,,,,,,,,,,,
3.0819,-2.9774,,,,,,,,,,,,,,,,,
3.0819,-2.9762,,,,,,,,,,,,,,,,,
3.0819,-2.996,,,,,,,,,,,,,,,,,
3.0819,-2.996,,,,,,,,,,,,,,,,,
3.0819,-3.0159,,,,,,,,,,,,,,,,,
3.0819,-3.0159,,,,,,,,,,,,,,,,,
3.0819,-3.0159,,,,,,,,,,,,,,,,,
3.0819,-3.0159,,,,,,,,,,,,,,,,,
3.0819,-3.0156,,,,,,,,,,,,,,,,,
3.0819,-3.036,,,,,,,,,,,,,,,,,
3.0819,-3.0357,,,,,,,,,,,,,,,,,
3.0819,-3.0357,,,,,,,,,,,,,,,,,
3.0819,-3.0357,,,,,,,,,,,,,,,,,
3.0819,-3.0357,,,,,,,,,,,,,,,,,
3.0819,-3.0556,,,,,,,,,,,,,,,,,
3.0819,-3.0535,,,,,,,,,,,,,,,,,
3.0819,-3.0576,,,,,,,,,,,,,,,,,
3.0819,-3.0357,,,,,,,,,,,,,,,,,
3.0819,-3.0556,,,,,,,,,,,,,,,,,
3.0819,-3.0357,,,,,,,,,,,,,,,,,
3.0819,-3.0357,,,,,,,,,,,,,,,,,
3.0819,-3.0357,,,,,,,,,,,,,,,,,
3.0819,-3.0159,,,,,,,,,,,,,,,,,
3.0819,-3.0159,,,,,,,,,,,,,,,,,
3.0819,-2.9958,,,,,,,,,,,,,,,,,
3.0819,-3.0161,,,,,,,,,,,,,,,,,
3.0819,-2.9762,,,,,,,,,,,,,,,,,
3.0819,-2.9762,,,,,,,,,,,,,,,,,
3.0819,-2.9762,,,,,,,,,,,,,,,,,
3.0819,-2.9762,,,,,,,,,,,,,,,,,
3.0819,-2.9762,,,,,,,,,,,,,,,,,
3.0819,-2.9762,,,,,,,,,,,,,,,,,
3.0819,-2.9762,,,,,,,,,,,,,,,,,
3.0819,-3.0139,,,,,,,,,,,,,,,,,
3.0819,-2.9782,,,,,,,,,,,,,,,,,
3.0819,-2.9762,,,,,,,,,,,,,,,,,
3.0819,-2.996,,,,,,,,,,,,,,,,,
3.0819,-2.996,,,,,,,,,,,,,,,,,
3.0819,-3.0159,,,,,,,,,,,,,,,,,
3.0819,-3.0159,,,,,,,,,,,,,,,,,
3.0819,-3.0357,,,,,,,,,,,,,,,,,
3.0819,-3.0556,,,,,,,,,,,,,,,,,
3.0819,-3.0355,,,,,,,,,,,,,,,,,
3.0819,-3.0558,,,,,,,,,,,,,,,,,
3.0819,-3.0556,,,,,,,,,,,,,,,,,
3.0819,-3.0159,,,,,,,,,,,,,,,,,
3.0819,-3.0357,,,,,,,,,,,,,,,,,
3.0819,-3.0159,,,,,,,,,,,,,,,,,
3.0819,-3.0159,,,,,,,,,,,,,,,,,
3.0819,-3.0357,,,,,,,,,,,,,,,,,
3.0819,-2.996,,,,,,,,,,,,,,,,,
3.0819,-3.0146,,,,,,,,,,,,,,,,,
3.0819,-3.0166,,,,,,,,,,,,,,,,,
3.0819,-2.9963,,,,,,,,,,,,,,,,,
3.0819,-2.9764,,,,,,,,,,,,,,,,,
3.0819,-2.996,,,,,,,,,,,,,,,,,
3.0819,-3.0159,,,,,,,,,,,,,,,,,
3.0819,-2.996,,,,,,,,,,,,,,,,,
3.0819,-2.996,,,,,,,,,,,,,,,,,
3.0819,-3.0159,,,,,,,,,,,,,,,,,
3.0819,-2.996,,,,,,,,,,,,,,,,,
3.0819,-3.0156,,,,,,,,,,,,,,,,,
3.0819,-2.9963,,,,,,,,,,,,,,,,,
3.0819,-3.0357,,,,,,,,,,,,,,,,,
3.0819,-3.0556,,,,,,,,,,,,,,,,,
3.0819,-3.0357,,,,,,,,,,,,,,,,,
3.0819,-3.0357,,,,,,,,,,,,,,,,,
3.0819,-3.0556,,,,,,,,,,,,,,,,,
3.0819,-3.0556,,,,,,,,,,,,,,,,,
3.0819,-3.0733,,,,,,,,,,,,,,,,,
3.0819,-3.0377,,,,,,,,,,,,,,,,,
3.0819,-3.0556,,,,,,,,,,,,,,,,,
3.0819,-3.0556,,,,,,,,,,,,,,,,,
3.0819,-3.0754,,,,,,,,,,,,,,,,,
3.0819,-3.0357,,,,,,,,,,,,,,,,,
3.0819,-3.0556,,,,,,,,,,,,,,,,,
3.0819,-3.0556,,,,,,,,,,,,,,,,,
3.0819,-3.0357,,,,,,,,,,,,,,,,,
3.0819,-3.0355,,,,,,,,,,,,,,,,,
3.0819,-3.036,,,,,,,,,,,,,,,,,
3.0819,-3.0556,,,,,,,,,,,,,,,,,
3.0819,-3.0159,,,,,,,,,,,,,,,,,
3.0819,-3.0357,,,,,,,,,,,,,,,,,
3.0819,-3.0357,,,,,,,,,,,,,,,,,
3.0819,-3.0159,,,,,,,,,,,,,,,,,
3.0819,-3.0159,,,,,,,,,,,,,,,,,
3.0819,-3.0149,,,,,,,,,,,,,,,,,
3.0819,-3.0166,,,,,,,,,,,,,,,,,
3.0819,-3.035,,,,,,,,,,,,,,,,,
3.0819,-3.0169,,,,,,,,,,,,,,,,,
3.0819,-3.0159,,,,,,,,,,,,,,,,,
3.0819,-3.0357,,,,,,,,,,,,,,,,,
3.0819,-3.0556,,,,,,,,,,,,,,,,,
3.0819,-3.0357,,,,,,,,,,,,,,,,,
3.0819,-3.0556,,,,,,,,,,,,,,,,,
3.0819,-3.0754,,,,,,,,,,,,,,,,,
3.0819,-3.0556,,,,,,,,,,,,,,,,,
3.0819,-3.0751,,,,,,,,,,,,,,,,,
3.0819,-3.0757,,,,,,,,,,,,,,,,,
3.0819,-3.0556,,,,,,,,,,,,,,,,,
3.0819,-3.0754,,,,,,,,,,,,,,,,,
3.0819,-3.0754,,,,,,,,,,,,,,,,,
3.0819,-3.0556,,,,,,,,,,,,,,,,,
3.0819,-3.0754,,,,,,,,,,,,,,,,,
3.0819,-3.0754,,,,,,,,,,,,,,,,,
3.0819,-3.0754,,,,,,,,,,,,,,,,,
3.0819,-3.0543,,,,,,,,,,,,,,,,,
3.0819,-3.0548,,,,,,,,,,,,,,,,,
3.0819,-3.0357,,,,,,,,,,,,,,,,,
3.0819,-3.0179,,,,,,,,,,,,,,,,,
3.0819,-3.0159,,,,,,,,,,,,,,,,,
3.0819,-3.0159,,,,,,,,,,,,,,,,,
3.0819,-3.0159,,,,,,,,,,,,,,,,,
3.0819,-3.0159,,,,,,,,,,,,,,,,,
3.0819,-3.0159,,,,,,,,,,,,,,,,,
3.0819,-3.0159,,,,,,,,,,,,,,,,,
3.0819,-3.0355,,,,,,,,,,,,,,,,,
3.0819,-3.036,,,,,,,,,,,,,,,,,
3.0819,-3.0357,,,,,,,,,,,,,,,,,
3.0819,-3.0556,,,,,,,,,,,,,,,,,
3.0819,-3.0556,,,,,,,,,,,,,,,,,
3.0819,-3.0754,,,,,,,,,,,,,,,,,
3.0819,-3.0556,,,,,,,,,,,,,,,,,
3.0819,-3.0754,,,,,,,,,,,,,,,,,
3.0819,-3.0728,,,,,,,,,,,,,,,,,
3.0819,-3.0576,,,,,,,,,,,,,,,,,
3.0819,-3.0759,,,,,,,,,,,,,,,,,
3.0819,-3.0556,,,,,,,,,,,,,,,,,
3.0819,-3.0754,,,,,,,,,,,,,,,,,
3.0819,-3.0952,,,,,,,,,,,,,,,,,
3.0819,-3.0952,,,,,,,,,,,,,,,,,
3.0819,-3.0754,,,,,,,,,,,,,,,,,
3.0819,-3.0556,,,,,,,,,,,,,,,,,
3.0819,-3.0553,,,,,,,,,,,,,,,,,
3.0819,-3.036,,,,,,,,,,,,,,,,,
3.0819,-3.0357,,,,,,,,,,,,,,,,,
3.0819,-3.0159,,,,,,,,,,,,,,,,,
3.0819,-2.996,,,,,,,,,,,,,,,,,
3.0819,-3.0159,,,,,,,,,,,,,,,,,
3.0819,-2.996,,,,,,,,,,,,,,,,,
3.0819,-2.996,,,,,,,,,,,,,,,,,
3.0819,-2.9943,,,,,,,,,,,,,,,,,
3.0819,-2.9975,,,,,,,,,,,,,,,,,
3.0819,-2.996,,,,,,,,,,,,,,,,,
3.0819,-2.9963,,,,,,,,,,,,,,,,,
3.0819,-3.0159,,,,,,,,,,,,,,,,,
3.0819,-2.996,,,,,,,,,,,,,,,,,
3.0819,-2.996,,,,,,,,,,,,,,,,,
3.0819,-2.996,,,,,,,,,,,,,,,,,
3.0819,-2.996,,,,,,,,,,,,,,,,,
3.0819,-3.0159,,,,,,,,,,,,,,,,,
3.0819,-3.0154,,,,,,,,,,,,,,,,,
3.0819,-3.0362,,,,,,,,,,,,,,,,,
3.0819,-3.0357,,,,,,,,,,,,,,,,,
3.0819,-3.0357,,,,,,,,,,,,,,,,,
3.0819,-3.0357,,,,,,,,,,,,,,,,,
3.0819,-3.0159,,,,,,,,,,,,,,,,,
3.0819,-3.0357,,,,,,,,,,,,,,,,,
3.0819,-3.0357,,,,,,,,,,,,,,,,,
3.0819,-3.0535,,,,,,,,,,,,,,,,,
3.0819,-3.0179,,,,,,,,,,,,,,,,,
3.0819,-3.0159,,,,,,,,,,,,,,,,,
3.0819,-3.0159,,,,,,,,,,,,,,,,,
3.0819,-2.996,,,,,,,,,,,,,,,,,
3.0819,-2.9762,,,,,,,,,,,,,,,,,
3.0819,-2.996,,,,,,,,,,,,,,,,,
3.0819,-2.9762,,,,,,,,,,,,,,,,,
3.0819,-2.9762,,,,,,,,,,,,,,,,,
3.0819,-2.9561,,,,,,,,,,,,,,,,,
3.0819,-2.9764,,,,,,,,,,,,,,,,,
3.0819,-2.9762,,,,,,,,,,,,,,,,,
3.0819,-2.9762,,,,,,,,,,,,,,,,,
3.0819,-2.9563,,,,,,,,,,,,,,,,,
3.0819,-2.9762,,,,,,,,,,,,,,,,,
3.0819,-2.9762,,,,,,,,,,,,,,,,,
3.0819,-2.994,,,,,,,,,,,,,,,,,
3.0819,-2.9782,,,,,,,,,,,,,,,,,
3.0819,-2.9762,,,,,,,,,,,,,,,,,
3.0819,-2.996,,,,,,,,,,,,,,,,,
3.0819,-2.9762,,,,,,,,,,,,,,,,,
3.0819,-3.0159,,,,,,,,,,,,,,,,,
3.0819,-2.996,,,,,,,,,,,,,,,,,
3.0819,-2.996,,,,,,,,,,,,,,,,,
3.0819,-2.996,,,,,,,,,,,,,,,,,
3.0819,-3.0156,,,,,,,,,,,,,,,,,
3.0819,-3.036,,,,,,,,,,,,,,,,,
3.0819,-3.0159,,,,,,,,,,,,,,,,,
3.0819,-3.0159,,,,,,,,,,,,,,,,,
3.0819,-2.996,,,,,,,,,,,,,,,,,
3.0819,-2.996,,,,,,,,,,,,,,,,,
3.0819,-2.996,,,,,,,,,,,,,,,,,
3.0819,-2.996,,,,,,,,,,,,,,,,,
3.0819,-2.996,,,,,,,,,,,,,,,,,
3.0819,-2.996,,,,,,,,,,,,,,,,,
3.0819,-3.0139,,,,,,,,,,,,,,,,,
3.0819,-2.9782,,,,,,,,,,,,,,,,,
3.0819,-2.9762,,,,,,,,,,,,,,,,,
3.0819,-3.0159,,,,,,,,,,,,,,,,,
3.0819,-2.996,,,,,,,,,,,,,,,,,
3.0819,-2.996,,,,,,,,,,,,,,,,,
3.0819,-3.0159,,,,,,,,,,,,,,,,,
3.0819,-2.996,,,,,,,,,,,,,,,,,
3.0819,-3.0159,,,,,,,,,,,,,,,,,
3.0819,-2.996,,,,,,,,,,,,,,,,,
3.0819,-3.0355,,,,,,,,,,,,,,,,,
3.0819,-3.0161,,,,,,,,,,,,,,,,,
3.0819,-3.0357,,,,,,,,,,,,,,,,,
3.0819,-3.0556,,,,,,,,,,,,,,,,,
3.0819,-3.0357,,,,,,,,,,,,,,,,,
3.0819,-3.0741,,,,,,,,,,,,,,,,,
3.0819,-3.0561,,,,,,,,,,,,,,,,,
3.0819,-3.0563,,,,,,,,,,,,,,,,,
3.0819,-3.0754,,,,,,,,,,,,,,,,,
3.0819,-3.0754,,,,,,,,,,,,,,,,,
3.0819,-3.0952,,,,,,,,,,,,,,,,,
3.0819,-3.0556,,,,,,,,,,,,,,,,,
3.0819,-3.0754,,,,,,,,,,,,,,,,,
3.0819,-3.0357,,,,,,,,,,,,,,,,,
3.0819,-3.0355,,,,,,,,,,,,,,,,,
3.0819,-3.0161,,,,,,,,,,,,,,,,,
3.0819,-2.996,,,,,,,,,,,,,,,,,
3.0819,-3.0159,,,,,,,,,,,,,,,,,
3.0819,-2.996,,,,,,,,,,,,,,,,,
3.0819,-3.0159,,,,,,,,,,,,,,,,,
3.0819,-2.996,,,,,,,,,,,,,,,,,
3.0819,-2.996,,,,,,,,,,,,,,,,,
3.0819,-2.996,,,,,,,,,,,,,,,,,
3.0819,-2.9958,,,,,,,,,,,,,,,,,
3.0819,-3.0161,,,,,,,,,,,,,,,,,
3.0819,-2.996,,,,,,,,,,,,,,,,,
3.0819,-3.0159,,,,,,,,,,,,,,,,,
3.0819,-3.0159,,,,,,,,,,,,,,,,,
3.0819,-3.0357,,,,,,,,,,,,,,,,,
3.0819,-3.0357,,,,,,,,,,,,,,,,,
3.0819,-3.0357,,,,,,,,,,,,,,,,,
3.0819,-3.0357,,,,,,,,,,,,,,,,,
3.0819,-3.0556,,,,,,,,,,,,,,,,,
3.0819,-3.0751,,,,,,,,,,,,,,,,,
3.0819,-3.0757,,,,,,,,,,,,,,,,,
3.0819,-3.0952,,,,,,,,,,,,,,,,,
3.0819,-3.1151,,,,,,,,,,,,,,,,,
3.0819,-3.1151,,,,,,,,,,,,,,,,,
3.0819,-3.1151,,,,,,,,,,,,,,,,,
3.0819,-3.0952,,,,,,,,,,,,,,,,,
3.0819,-3.0952,,,,,,,,,,,,,,,,,
3.0819,-3.0754,,,,,,,,,,,,,,,,,
3.0819,-3.0749,,,,,,,,,,,,,,,,,
3.0819,-3.0561,,,,,,,,,,,,,,,,,
3.0819,-3.0556,,,,,,,,,,,,,,,,,
3.0819,-3.0159,,,,,,,,,,,,,,,,,
3.0819,-3.0357,,,,,,,,,,,,,,,,,
